ID,getSoul
20300000,2910
20300024,2910
20300100,2910
20300124,2910
20310000,2910
20310024,2910
20310100,2910
20310124,2910
20400000,100
20400024,100
20401000,100
20401024,100
20401110,100
20402000,100
20402024,100
20402100,100
20402110,100
20402124,100
20402200,100
20402224,100
20403000,100
20403024,100
20404000,100
20404024,100
21000735,450
21000820,450
21000830,450
21000930,450
21001000,450
21001010,450
21002000,450
21002922,450
21009000,450
21009020,450
21100000,2910
21100072,2910
21101000,2910
21101051,2910
21101072,2910
21102000,2910
21109000,2910
21109042,2910
21200000,2910
21200056,2910
21201000,2910
21201100,2910
21202000,2910
21202056,2910
21203000,2910
21203056,2910
21209000,2910
21300014,2910
21300520,2910
21300534,2910
21400012,450
21400020,450
21400030,450
21400034,450
21400090,450
21400220,450
21401020,450
21401030,450
21401130,450
21401135,450
21401210,450
21401335,450
21401410,450
21403050,450
21403150,450
22700000,100
22700012,100
22700033,100
22700100,100
22700210,100
22710000,100
22710010,100
22710012,100
22710013,100
22710014,100
22710030,100
22710032,100
22710033,100
22710040,100
22710060,100
22710064,100
22710065,100
22720000,100
22720100,100
22730000,100
22730020,100
22740000,450
22750000,100
22750010,100
22750020,100
22750024,100
22750120,100
22751000,100
22751024,100
22760000,450
22761000,450
22761010,450
22761020,450
22769000,450
22770000,100
22770020,100
22770033,100
25000000,2910
25000010,2910
25000014,2910
25000030,2910
25000034,2910
25000040,2910
25000042,2910
25000060,2910
25000065,2910
25000100,2910
25000110,2910
25000120,2910
25000933,2910
25000941,2910
25001000,2910
25001020,2910
25001040,2910
25001060,2910
25001065,2910
25001066,2910
25001080,2910
25001100,2910
25001933,2910
25006000,2910
25006020,2910
25006100,2910
25006120,2910
25007000,2910
25007020,2910
25007100,2910
25007120,2910
25008000,2910
25008100,2910
25009000,2910
25009038,2910
25009138,2910
25009999,2910
30000006,100
30000030,100
30000034,100
30000106,100
30000130,100
30000134,100
30000834,100
30001030,100
30001034,100
30002030,100
30002034,100
30003034,100
30004007,100
30004107,100
30004251,100
30005007,100
30005020,100
30006020,100
30007051,100
30008010,100
30008020,100
30008040,100
30009900,100
30009999,100
30100000,450
30100014,450
30100030,450
30100034,450
30100040,450
30100100,450
30100110,450
30100114,450
30100120,450
30100134,450
30100200,450
30100214,450
30100234,450
30100250,450
30100260,450
30100275,450
30100400,450
30100410,450
30100420,450
30100500,450
30100507,450
30100510,450
30100520,450
30100600,450
30100610,450
30100620,450
30100651,450
30100800,450
30100814,450
30101000,450
30101030,450
30101034,450
30101040,450
30101100,450
30101120,450
30101130,450
30101134,450
30101140,450
30101200,450
30101230,450
30101234,450
30101240,450
30101400,450
30101410,450
30101420,450
30101500,450
30101510,450
30101520,450
30101600,450
30101610,450
30101620,450
30102000,450
30102014,450
30102020,450
30102034,450
30102040,450
30102100,450
30102110,450
30102120,450
30102134,450
30102200,450
30102220,450
30102230,450
30102234,450
30102400,450
30102410,450
30102420,450
30102451,450
30102500,450
30102507,450
30102510,450
30102520,450
30102600,450
30102610,450
30102620,450
30106000,450
30106010,450
30106020,450
30106051,450
30107000,450
30107010,450
30107020,450
30107051,450
30108000,450
30108010,450
30108020,450
30200030,100
30200034,100
30200110,100
30208010,100
30208020,100
30208040,100
30500000,2910
30500051,2910
30500100,2910
30500140,2910
30509999,2910
30600000,450
30600010,450
30600020,450
30600030,450
30600040,450
30600050,450
30600100,450
30601000,450
30601010,450
30601020,450
30601030,450
30601040,450
30601050,450
30610000,450
30610100,450
30611000,450
30611100,450
30700000,100
30700032,100
30701000,100
30701032,100
30702000,100
30703000,100
30704000,100
30800007,100
30800012,100
30800032,100
30800110,100
30800830,100
30800852,100
30800912,100
30801012,100
30801032,100
30801033,100
30802012,100
30802032,100
30802034,100
30806007,100
30806012,100
31000033,2625
31000042,2625
31000931,2625
31500000,2625
31500010,2625
31500011,2625
31500020,2625
31500032,2625
31500040,2625
31500042,2625
31500050,2625
31500052,2625
31501000,2625
31501010,2625
31501012,2625
31501020,2625
31501030,2625
31501040,2625
31501052,2625
31700000,100
31700030,100
31701000,100
31810052,450
31811024,450
31811032,450
32010000,100
32100000,100
32100010,100
32100012,100
32100030,100
32100032,100
32100210,100
32101010,100
32101110,100
32101210,100
32101310,100
32101412,100
32101520,100
32101612,100
32101720,100
32101820,100
32101933,100
32102030,100
32102132,100
32102240,100
32102340,100
32102542,100
32102650,100
32102764,100
32102860,100
32102968,100
32103010,100
32108900,100
32109000,100
32109010,100
32109100,100
32109200,100
32109300,100
32109400,100
32109500,100
32109600,100
32109700,100
32109800,100
32109810,100
32109900,100
32500033,2625
32500070,2625
32500100,2625
32510010,2625
32510034,2625
32510070,2625
32510100,2625
32511000,2625
32511030,2625
32520054,2625
32520921,2625
33000000,450
33000010,450
33000022,450
33000030,450
33000820,450
33000900,450
33000940,450
33001000,450
33001010,450
33001025,450
33001030,450
33001065,450
33001100,450
33001110,450
33001940,450
33002000,450
33002010,450
33002020,450
33002025,450
33002065,450
33200000,100
33200100,100
33200200,100
33201000,100
33201010,100
33201100,100
33201110,100
33202000,100
33202100,100
33202200,100
33209000,100
33209010,100
33300000,450
33300040,450
33300062,450
33300065,450
33300100,450
33300162,450
33300262,450
33300600,450
33300700,450
33300800,450
33500000,2625
33500010,2625
33500020,2625
33500022,2625
33500030,2625
33500040,2625
33500154,2625
33500500,2625
33500920,2625
33500930,2625
33500940,2625
33501000,2625
33501010,2625
33501020,2625
33501022,2625
33501040,2625
33501154,2625
33501500,2625
33501920,2625
33501930,2625
33501940,2625
33502000,2625
33502010,2625
33502020,2625
33502040,2625
33502154,2625
33502500,2625
33502920,2625
33502940,2625
33507000,2625
33507100,2625
33507200,2625
33507300,2625
33509000,2625
33509161,2625
33509264,2625
33600064,100
33600264,100
33600564,100
33600764,100
33600765,100
33601064,100
33601264,100
33602064,100
33602065,100
33602264,100
33610062,100
33610562,100
33611062,100
33612062,100
33700064,100
33710062,100
34000000,450
34000040,450
34000100,450
34000200,450
34000252,450
34000254,450
34000256,450
34000300,450
34000700,450
34000800,450
34000900,450
34000940,450
34000952,450
34001000,450
34001100,450
34001133,450
34001200,450
34001252,450
34001254,450
34001256,450
34001300,450
34001800,450
34500000,100
34500012,100
34500013,100
34500100,100
34500200,100
34501000,100
34501012,100
34501013,100
34501020,100
34501100,100
34502000,100
34502012,100
34502054,100
34502100,100
34502354,100
34509000,100
34509100,100
34510912,100
34519000,100
34519020,100
34600012,450
34600913,450
34600930,450
34600941,450
34601000,450
34601952,450
34700000,100
34700100,100
34700200,100
34700300,100
34700400,100
34701000,100
34701100,100
34701200,100
34701300,100
34701400,100
34701500,100
34701600,100
34702000,100
34702100,100
34702200,100
34702300,100
34702400,100
34702500,100
34703000,100
34703100,100
34703200,100
34704000,100
34704100,100
34704200,100
34704300,100
34715000,450
34715010,450
34715100,450
34715110,450
34715120,450
34715200,450
34715210,450
34715220,450
34715230,450
34715240,450
34715268,450
34715300,450
34715310,450
34715315,450
34715320,450
35000012,100
35000014,100
35000020,100
35000060,100
35000120,100
35000330,100
35001012,100
35001014,100
35001020,100
35001120,100
35002012,100
35002020,100
35002030,100
35002060,100
35002120,100
35003012,100
35003014,100
35003020,100
35003030,100
35003120,100
35004012,100
35004020,100
35004120,100
35005000,100
35005010,100
35005032,100
35005500,100
35005510,100
35006000,100
35006010,100
35006032,100
35007000,100
35007010,100
35007032,100
35008000,100
35008010,100
35008032,100
35009000,100
35009010,100
35009032,100
35100006,100
35100010,100
35100012,100
35100040,100
35100110,100
35100112,100
35100210,100
35100920,100
35101006,100
35101010,100
35101012,100
35101110,100
35101112,100
35101140,100
35101920,100
35102006,100
35102010,100
35102012,100
35102920,100
35103010,100
35103012,100
35103106,100
35103110,100
35104006,100
35104010,100
35104012,100
35104032,100
35104110,100
35500015,450
35500020,450
35500930,450
35600010,2910
35600020,2910
35600030,2910
35600040,2910
35600042,2910
35600050,2910
35600060,2910
35600080,2910
35600110,2910
35600172,2910
35600900,2910
35600950,2910
35600972,2910
35700020,2625
35700038,2625
35700050,2625
35700060,2625
35700110,2625
35700172,2625
35700950,2625
35709000,2625
36000000,450
36000010,450
36000012,450
36001000,450
36001010,450
36001920,450
36001933,450
36100000,100
36100010,100
36100011,100
36100020,100
36100030,100
36200000,100
36200015,100
36300000,100
36500000,100
36500010,100
36500012,100
36501000,100
36501033,100
36501100,100
36502000,100
36503000,100
36600000,100
36600010,100
36600014,100
36600030,100
36600100,100
36600110,100
36600114,100
36600600,100
36600612,100
36600700,100
36600800,100
36601000,100
36601010,100
36601020,100
36601070,100
36601200,100
36601212,100
36601300,100
36601333,100
36601400,100
36602000,100
36602010,100
36602070,100
36602100,100
36602110,100
36602200,100
36602233,100
36602300,100
36603000,100
36603010,100
36603020,100
36603100,100
36603110,100
36608000,100
36608033,100
36609000,100
36609006,100
36609010,100
36609012,100
36609020,100
36609022,100
36609040,100
36609052,100
36609100,100
36609114,100
36609120,100
36609130,100
36609140,100
36609142,100
36609152,100
36609162,100
36609165,100
36609170,100
36609200,100
36609500,100
36609510,100
36609520,100
36609800,100
36610010,100
36610012,100
36610020,100
36610030,100
36610033,100
36610039,100
36610040,100
36610054,100
36610140,100
36610700,100
36610710,100
36610812,100
36610820,100
36611012,100
36611030,100
36612010,100
36612020,100
36612030,100
36612032,100
36612035,100
36612040,100
36612050,100
36612132,100
36614010,100
36614020,100
36614024,100
36615010,100
36616010,100
36616020,100
36616030,100
36619040,100
36620012,100
36620020,100
36620034,100
36620054,100
36620140,100
36621140,100
36622040,100
36623054,100
36623154,100
36623254,100
36625068,100
36629000,100
36640012,100
36640035,100
36640040,100
36640920,100
36700000,450
36700010,450
36700020,450
36700042,450
36700100,450
36700110,450
36700120,450
36700134,450
36701000,450
36701010,450
36701020,450
36701021,450
36701038,450
36701042,450
36701100,450
36701110,450
36701120,450
36701121,450
36701138,450
36701200,450
36702000,450
36702010,450
36702038,450
36702100,450
36702110,450
36702138,450
36702151,450
36702200,450
36702210,450
36702238,450
36703000,450
36703010,450
36703034,450
36703038,450
36704000,450
36704020,450
36705000,450
36705050,450
36705060,450
36708000,450
36708020,450
36708100,450
36709000,450
36709100,450
36709120,450
36709920,450
37000030,450
37000033,450
37000040,450
37000092,450
37000093,450
37001030,450
37010000,450
37010010,450
37010020,450
37010033,450
37010040,450
37010050,450
37010830,450
37011000,450
37011010,450
37011020,450
37011030,450
37011930,450
37020021,100
37021020,100
37022030,100
37030033,100
37040025,450
37040105,450
37040200,450
37040800,450
37040940,450
37300000,450
37300020,450
37300040,450
37300100,450
37300112,450
37300120,450
37300200,450
37301000,450
37500000,100
37500010,100
37501000,100
37501010,100
37502000,100
37502010,100
38000000,450
38000030,450
38000042,450
38000100,450
38000920,450
38000940,450
38001000,450
38001020,450
38001042,450
38001100,450
38001142,450
38001940,450
38100000,450
38100010,450
38100932,450
38101000,450
38101010,450
38101056,450
38102000,450
38102010,450
38102056,450
38102932,450
38103000,450
38103010,450
38109000,450
38109040,450
38500000,100
38500012,100
38501000,100
38501012,100
38501100,100
38501200,100
38502000,100
38502012,100
38502100,100
38503000,100
38503100,100
38503110,100
38503120,100
38600000,100
38600020,100
38600032,100
38600100,100
38600132,100
38600140,100
38600200,100
38600500,100
38600532,100
38600540,100
38600550,100
38600600,100
38601000,100
38601032,100
38601100,100
38601132,100
38601140,100
38601200,100
38601500,100
38601540,100
38601550,100
39000000,450
39000010,450
39000020,450
39000060,450
39001000,450
39001010,450
39001032,450
39010000,450
39010010,450
39011000,450
39011010,450
39100000,450
39100050,450
39100100,450
39100200,450
39101000,450
39101050,450
39101100,450
39500000,100
39500100,100
39501000,100
39501100,100
39501200,100
39502000,100
39502100,100
39503000,100
39503100,100
39503200,100
39504000,100
39509000,100
39700000,450
39700010,450
39700020,450
39700100,450
39700110,450
39700120,450
39700200,450
39700210,450
39700220,450
39700300,450
39700310,450
39700400,450
39700500,450
39701000,450
39701010,450
39701020,450
39701100,450
39701110,450
39701125,450
39701130,450
39701200,450
39701910,450
39701942,450
39702000,450
39702010,450
39702100,450
39702200,450
39702210,450
39702300,450
39702310,450
39702320,450
39702330,450
39702340,450
39702942,450
39703000,450
39703010,450
39703020,450
39703030,450
39703040,450
39703050,450
39703060,450
39703100,450
39703110,450
39709000,450
39709010,450
40200003,450
40200010,450
40200022,450
40200031,450
40200035,450
40200040,450
40200056,450
40200100,450
40200130,450
40200920,450
40208000,450
40208100,450
40208200,450
40208300,450
40208400,450
40210000,2625
40210010,2625
40210700,2625
40219000,2625
40400010,100
40400020,100
40400030,100
40400031,100
40400033,100
40400040,100
40401010,100
40401032,100
40402030,100
40403010,100
40403020,100
40403033,100
40409000,100
40500000,450
40500010,450
40500012,450
40500013,450
40500020,450
40500030,450
40500040,450
40500098,450
40500100,450
40500110,450
40500120,450
40500130,450
40509500,450
40700009,100
40700012,100
40700013,100
40700036,100
40700065,100
40700110,100
40700112,100
40700152,100
40700550,100
40701012,100
40702010,100
40702012,100
40708000,100
40708024,100
40709000,100
40710009,100
40710065,100
40710550,100
40800000,100
40800010,100
40800012,100
40800013,100
40800014,100
40800020,100
40800030,100
40800040,100
40800054,100
40800064,100
40800065,100
40800100,100
40800134,100
40800210,100
40800212,100
40800300,100
40800312,100
40800320,100
40809000,100
40900012,100
40900020,100
40900030,100
40900034,100
40900040,100
40900054,100
40900210,100
40900312,100
40909000,100
41000012,100
41000020,100
41000030,100
41000040,100
41000042,100
41000212,100
41000910,100
41001009,100
41001012,100
41001020,100
41001030,100
41001040,100
41001042,100
41001130,100
41001212,100
41002012,100
41002020,100
41002030,100
41002040,100
41002042,100
41002212,100
41002910,100
41009000,100
41009100,100
41009200,100
41010012,100
41010020,100
41100000,100
41100010,100
41100012,100
41100020,100
41100030,100
41100036,100
41109000,100
41109100,100
41200009,100
41200030,100
41200040,100
41200042,100
41200910,100
41300000,2625
41300012,2625
41300020,2625
41300030,2625
41300032,2625
41300100,2625
41301000,2625
41301010,2625
41301030,2625
41301932,2625
41400000,450
41400010,450
41400035,450
41400038,450
41400062,450
41401000,450
41401034,450
41402000,450
41402020,450
41402035,450
41402050,450
41402100,450
41402200,450
41402920,450
41402950,450
41403000,450
41403032,450
41403033,450
41403050,450
41403833,450
41403930,450
41404000,450
41404010,450
41404020,450
41404022,450
41404030,450
41404040,450
41409000,450
41500040,100
41600020,100
41600024,100
41600030,100
41600035,100
41610000,100
41610012,100
41610013,100
41610014,100
41610020,100
41610030,100
41610033,100
41610064,100
41610200,100
41610212,100
41610300,100
41620000,100
41630000,100
41640000,100
41640030,100
41640052,100
41650000,100
41650935,100
41660042,100
41700000,100
41700010,100
41700013,100
41700020,100
41700030,100
41700040,100
41700100,100
41700110,100
41700120,100
41700140,100
41700200,100
41700240,100
41700300,100
41700312,100
41710000,450
41710010,450
41710400,450
41710430,450
41800000,100
41800012,100
41800020,100
41800033,100
41800100,100
41800110,100
41800112,100
41800120,100
41800200,100
41800210,100
41800300,100
41800312,100
41801000,100
41801013,100
41809000,100
41810000,100
41810010,100
41810020,100
41810100,100
41810110,100
41900000,100
41900050,100
41900052,100
41901000,100
41901050,100
41901052,100
41902000,100
41902020,100
41902032,100
41902050,100
41902052,100
41902100,100
41902150,100
41902152,100
41902200,100
41902250,100
41902252,100
41903000,100
41903050,100
41903052,100
41903100,100
41903150,100
41903152,100
41903200,100
41903250,100
41903252,100
41904000,100
41904050,100
41904052,100
41904100,100
41904150,100
41904152,100
41904200,100
41904250,100
41904252,100
41905000,100
41905050,100
41905052,100
41905100,100
41905200,100
41905364,100
41906110,100
41907310,100
41908110,100
41909112,100
41920000,100
41920040,100
41920042,100
41921000,100
41921040,100
41921042,100
41922000,100
41922020,100
41922050,100
41922052,100
41922200,100
41922250,100
41922252,100
41923000,100
41923050,100
41923052,100
41923200,100
41923250,100
41923252,100
41924000,100
41924050,100
41924052,100
41924200,100
41924250,100
41924252,100
41925000,100
41925050,100
41925052,100
41925200,100
41925250,100
41927064,100
42000000,100
42000011,100
42000012,100
42000014,100
42000020,100
42000064,100
42000100,100
42000112,100
42000120,100
42000200,100
42000210,100
42000250,100
42001000,100
42001100,100
42001200,100
42001250,100
42010000,100
42010020,100
42010100,100
42010112,100
42010126,100
42010133,100
42010140,100
42010141,100
42010142,100
42011000,100
42011026,100
42011100,100
42011126,100
42011142,100
42017000,100
42017400,100
42017500,100
42017600,100
42017700,100
42017800,100
42018000,100
42018100,100
42018126,100
42100000,100
42100014,100
42100100,100
42100114,100
42100200,100
42100214,100
42101000,100
42101014,100
42101033,100
42101100,100
42101114,100
42101150,100
42101200,100
42101214,100
42101250,100
42102000,100
42103000,100
42104000,100
42104051,100
42104500,100
42105000,100
42105051,100
42105500,100
42200000,450
42200010,450
42200012,450
42200032,450
42200050,450
42300000,100
42300010,100
42300012,100
42300020,100
42300026,100
42300032,100
42300040,100
42300050,100
42300064,100
42300830,100
42400021,100
42400032,100
42400034,100
42400035,100
42400150,100
42400221,100
42405000,100
42405100,100
42405200,100
42405300,100
42405400,100
42405500,100
42405600,100
42405700,100
42405800,100
42406000,100
42406050,100
42406100,100
42406200,100
42406300,100
42406400,100
42407000,100
42407100,100
42407200,100
42407300,100
42407400,100
42407500,100
42407600,100
42407700,100
42407800,100
42408000,100
42408100,100
42408200,100
42408300,100
42408400,100
42408500,100
42408800,100
42410000,450
42410030,450
42410100,450
42500000,100
42500010,100
42500020,100
42500021,100
42500030,100
42500032,100
42500100,100
42500200,100
42600512,450
42600615,450
42600940,450
42601920,450
42601940,450
42602932,450
42604152,450
42700000,2625
42700010,2625
42700014,2625
42700020,2625
42700030,2625
42700035,2625
42700040,2625
42700041,2625
42700700,2625
42701000,2625
42701010,2625
42800056,100
42800260,100
42800354,100
42800362,100
42800562,100
42801100,100
42810060,100
42900000,450
42900032,450
42900038,450
42900100,450
42900920,450
42901000,450
42909000,450
42909024,450
43000000,100
43000006,100
43000010,100
43000012,100
43000020,100
43000024,100
43000030,100
43000032,100
43000040,100
43000100,100
43000110,100
43000112,100
43000133,100
43000140,100
43000152,100
43000200,100
43000210,100
43000212,100
43000230,100
43000233,100
43000240,100
43000252,100
43000300,100
43000320,100
43000410,100
43000600,100
43000800,100
43000900,100
43001000,100
43001010,100
43001012,100
43001020,100
43001021,100
43001024,100
43001040,100
43001050,100
43001100,100
43001120,100
43001200,100
43001230,100
43001240,100
43001800,100
43001900,100
43002000,100
43002009,100
43002010,100
43002012,100
43002020,100
43002021,100
43002024,100
43002032,100
43002040,100
43002050,100
43002100,100
43002110,100
43002140,100
43002200,100
43002220,100
43002300,100
43002320,100
43002400,100
43002410,100
43002800,100
43002900,100
43003000,100
43003010,100
43003012,100
43003020,100
43003032,100
43003040,100
43003800,100
43003900,100
43004000,100
43004010,100
43004020,100
43004100,100
43004800,100
43004900,100
43005000,100
43005006,100
43005010,100
43005012,100
43005020,100
43005024,100
43005040,100
43005100,100
43005110,100
43005112,100
43005130,100
43005200,100
43005210,100
43005212,100
43005233,100
43006000,100
43006010,100
43006012,100
43006024,100
43006052,100
43006100,100
43006110,100
43006112,100
43006200,100
43006210,100
43006212,100
43006300,100
43006352,100
43006600,100
43006700,100
43006738,100
43006800,100
43007000,100
43007010,100
43007012,100
43007020,100
43007030,100
43007040,100
43007052,100
43007100,100
43007110,100
43007112,100
43007120,100
43007130,100
43007150,100
43009000,100
43009010,100
43009012,100
43009100,100
43009110,100
43009120,100
43009130,100
43009132,100
43009140,100
43009150,100
43009200,100
43009212,100
43009220,100
43009232,100
43009240,100
43009250,100
43009252,100
43009300,100
43009320,100
43009330,100
43009332,100
43009340,100
43009350,100
43009352,100
43009366,100
43009400,100
43110009,100
43110012,100
43110013,100
43110912,100
43110914,100
43111112,100
43111140,100
43111212,100
43111306,100
43111312,100
43111313,100
43111412,100
43112012,100
43112112,100
43112212,100
43112412,100
43113012,100
43113040,100
43113906,100
43114006,100
43114012,100
43114013,100
43114090,100
43130035,100
43130134,100
43130232,100
43130335,100
43130400,100
43130410,100
43130420,100
43130435,100
43130500,100
43130510,100
43130520,100
43130535,100
43131034,100
43131132,100
43133035,100
43133100,100
43133110,100
43133120,100
43133135,100
43134032,100
43134132,100
43134332,100
43135132,100
43137032,100
43140000,100
43140100,100
43140200,100
43140242,100
43140300,100
43140440,100
43140500,100
43141000,100
43141100,100
43141200,100
43141300,100
43141340,100
43141400,100
43141442,100
43142000,100
43142100,100
43143000,100
43143100,100
43143142,100
43150000,100
43150012,100
43150200,100
43150266,100
43150300,100
43151000,100
43151200,100
43151266,100
43151300,100
43152000,100
43153000,100
43160000,100
43160100,100
43160200,100
43160300,100
43160756,100
43161000,100
43161100,100
43161200,100
43161256,100
43161300,100
43161356,100
43161756,100
43161856,100
43162000,100
43163000,100
43210000,100
43210012,100
43210100,100
43210200,100
43211000,100
43211012,100
43211100,100
43211200,100
43212000,100
43212012,100
43212040,100
43212100,100
43212200,100
43400000,450
43400020,450
43400032,450
43400040,450
43400100,450
43400200,450
43400300,450
43400400,450
43400500,450
43400600,450
43400910,450
43400940,450
43401000,450
43401013,450
43401100,450
43401600,450
43401940,450
43408000,450
43410000,450
43411000,450
43510000,450
43510100,450
43511000,450
43511010,450
43511100,450
43511112,450
43512000,450
43520000,450
43520030,450
43521000,450
43521030,450
43521100,450
43521120,450
43522000,450
43530000,450
43530020,450
43530035,450
43530036,450
43530040,450
43530100,450
43530190,450
43530200,450
43530235,450
43530500,450
43530534,450
43531000,450
43531020,450
43531032,450
43531036,450
43531100,450
43531132,450
43531136,450
43531200,450
43531234,450
43531240,450
43531300,450
43531400,450
43531500,450
43532000,450
43532020,450
43532100,450
43540000,450
43540015,450
43540042,450
43540100,450
43540200,450
43540242,450
43541000,450
43541042,450
43541100,450
43541200,450
43542000,450
43542042,450
43542200,450
43550000,450
43550040,450
43551000,450
43551052,450
43551066,450
43551080,450
43551100,450
43551152,450
43552000,450
43552052,450
43560000,450
43560034,450
43560056,450
43561000,450
43562000,450
43620000,100
43620020,100
43620030,100
43620100,100
43640000,100
43640040,100
43640050,100
43640100,100
43650000,100
43650052,100
43650060,100
43680000,100
43680100,100
43710012,100
43710013,100
43710040,100
43710512,100
43710540,100
43711012,100
43711040,100
43711510,100
43711512,100
43711612,100
43711712,100
43711812,100
43712012,100
43712512,100
43712540,100
43713012,100
43713040,100
43714012,100
43714013,100
43714040,100
43716012,100
43716040,100
43717012,100
43730020,100
43730520,100
43731050,100
43731732,100
43732020,100
43732520,100
43734020,100
43734032,100
43734034,100
43734035,100
43734500,100
43734535,100
43736020,100
43740042,100
43742040,100
43742540,100
43746042,100
43760000,100
43760500,100
43760556,100
43760560,100
43761000,100
43761400,100
43761500,100
43761556,100
43761600,100
43761656,100
43761700,100
43761800,100
43762000,100
43762500,100
43763000,100
43764000,100
43764056,100
43766000,100
43767000,100
43770000,100
43770012,100
43770500,100
43771000,100
43771400,100
43771500,100
43771600,100
43771700,100
43771800,100
43772000,100
43772012,100
43772500,100
43772512,100
43773000,100
43776000,100
43777000,100
43779000,100
43800012,100
43800032,100
43800042,100
43800120,100
43810020,100
43810120,100
43811020,100
43820010,100
43820012,100
43820033,100
43821012,100
43821033,100
43822010,100
43823010,100
43823012,100
43823033,100
43827012,100
43830000,100
43831000,100
43850012,100
43850020,100
43850112,100
43850120,100
43850212,100
43850220,100
43860010,100
44200000,450
44200120,450
44201000,450
44202000,450
44203000,450
44204000,450
44204050,450
44205000,450
44205050,450
44300000,100
44300010,100
44300012,100
44300020,100
44300100,100
44300110,100
44300150,100
44300200,100
44300250,100
44300300,100
44300310,100
44300350,100
44301000,100
44301033,100
44301040,100
44400012,100
44400032,100
44400040,100
44410000,450
44410020,450
44420000,450
44420010,450
44500000,2625
44500012,2625
44500020,2625
44500050,2625
44500052,2625
44500066,2625
44501000,2625
44501020,2625
44600000,2625
44600010,2625
44600015,2625
44600020,2625
44600032,2625
44600036,2625
44600040,2625
44600840,2625
44601000,2625
44601010,2625
44601032,2625
44601040,2625
44601840,2625
44607000,2625
44607020,2625
44607032,2625
44607040,2625
44607100,2625
44607120,2625
44607132,2625
44607200,2625
44607220,2625
44607800,2625
44607840,2625
44608000,2625
44608032,2625
44608040,2625
44608600,2625
44608640,2625
44608700,2625
44608740,2625
44608800,2625
44608840,2625
44700020,450
44700034,450
44700938,450
44701000,450
44701100,450
44701938,450
44702000,450
44800010,450
44800012,450
44800034,450
44800040,450
44800054,450
44800064,450
44800120,450
44800130,450
44800140,450
44800220,450
44800410,450
44800912,450
44800930,450
44810010,100
44810012,100
44810020,100
44810030,100
44810032,100
44810040,100
44810054,100
44810064,100
44810120,100
44810130,100
44810210,100
44810220,100
44810410,100
44810500,100
44810540,100
44810912,100
44811012,100
44811210,100
44811410,100
44811430,100
44830030,100
44830040,100
44830050,100
44831040,100
44900011,100
44900014,100
44900021,100
44900024,100
44900032,100
44900033,100
44900034,100
44900035,100
44900038,100
44900050,100
44900124,100
44900320,100
44907000,100
44907100,100
44907200,100
44907300,100
44907400,100
44908100,100
44908300,100
44908400,100
44909000,100
44909040,100
44909100,100
44909132,100
44909200,100
44909850,100
44910000,100
44910002,100
44910014,100
44910020,100
44910021,100
44910024,100
44910032,100
44910034,100
44910100,100
44910150,100
44910200,100
44910232,100
44910234,100
44910300,100
44910400,100
44910500,100
44910600,100
44910720,100
44910933,100
44919000,100
44919020,100
44919120,100
44919220,100
44919320,100
44920000,100
44920040,100
44920100,100
45000042,450
45000072,450
45001072,450
45008000,450
45008024,450
45010040,450
45020920,450
45021920,450
45021922,450
45030020,2625
45030050,2625
45050080,450
45102030,2625
45110000,2910
45110066,2910
45500000,450
45500010,450
45500030,450
45500040,450
45501000,450
45501040,450
45502000,450
45502040,450
45503000,450
45503040,450
45504000,450
45504040,450
45505000,450
45505050,450
45506000,450
45506010,450
45506020,450
45506200,450
45506400,450
45506600,450
45508000,450
45508100,450
45600000,450
45600042,450
45601000,450
45609000,450
45610000,450
45800030,2625
45800100,2625
45803000,2625
45803020,2625
45803040,2625
46000020,450
46000032,450
46000050,450
46000099,450
46001032,450
46001099,450
46008000,450
46008024,450
46010021,450
46010920,450
46018000,450
46020040,450
46030910,450
46030930,450
46200000,2910
46200020,2910
46200062,2910
46200952,2910
46201000,2910
46202000,2910
46202010,2910
46209000,2910
46209100,2910
46209152,2910
46209200,2910
46209300,2910
46300042,450
46300052,450
46300072,450
46300700,450
46300912,450
46400000,2625
46400007,2625
46400020,2625
46400032,2625
46400100,2625
46400700,2625
46400942,2625
46400950,2625
46410000,4375
46410010,4375
46500000,2625
46500100,2625
46500200,2625
46500210,2625
46500262,2625
46500265,2625
46500300,2625
46500352,2625
46500900,2625
46500960,2625
46600000,2625
46600010,2625
46600020,2625
46600030,2625
46600100,2625
46600120,2625
46600133,2625
46600150,2625
46600170,2625
46600910,2625
46601000,2625
46601010,2625
46601030,2625
46601034,2625
46601040,2625
46601042,2625
46601100,2625
46601120,2625
46601140,2625
46602000,2625
46602100,2625
46603000,2625
46603100,2625
46604000,2625
46604100,2625
46605000,2625
46605040,2625
46605100,2625
46605140,2625
46606000,2625
46606010,2625
46606020,2625
46607000,2625
46607012,2625
46607033,2625
46608000,2625
46609000,2625
46700000,2910
46700065,2910
46700100,2910
46700200,2910
46700300,2910
46700400,2910
46700964,2910
46705000,2910
46800032,2625
46801930,2625
46801940,2625
46900008,450
46900034,450
47200000,2910
47200070,2910
47200100,2910
47200134,2910
47210000,2910
47210070,2910
47300000,2910
47300040,2910
47500000,2910
47500014,2910
47500030,2910
47501000,2910
47509000,2910
47700033,2910
47700034,2910
47700165,2910
47700250,2910
47701165,2910
47701242,2910
47702010,2910
47709910,2910
48000000,2910
48000068,2910
48001000,2910
48001935,2910
48008000,2910
48009000,2910
48010000,100
48010010,100
48100012,2625
48100020,2625
48100040,2625
48100050,2625
48100150,2625
48100920,2625
48109990,2625
48109991,2625
48109992,2625
48110000,450
48110040,450
48110042,450
48110052,450
48110054,450
48200000,450
48200100,450
48200130,450
48200134,450
48200138,450
48200920,450
48200930,450
48208000,450
48208100,450
49000010,4375
49000040,4375
49009000,4375
49010010,4375
49100026,2625
49100032,2625
49100940,2625
49110052,2625
49500020,2625
49500032,2625
49800012,2625
49800030,2625
49800032,2625
49800033,2625
49801050,2625
49801052,2625
49801100,2625
49801110,2625
50000000,2910
50000001,2910
50000092,2910
50100000,2625
50100001,2625
50100098,2625
50110000,2625
50110010,2625
50110020,2625
50110030,2625
50110040,2625
50110050,2625
50110090,2625
50200000,2625
50200001,2625
50200087,2625
50200100,2625
50200101,2625
50200187,2625
50300000,2910
50300001,2910
50300094,2910
50400000,450
50400100,450
50400190,450
50400194,450
50400200,450
50400300,450
50400400,450
50400410,450
50400500,450
50400600,450
50400700,450
50500000,100
50500001,100
50500086,100
50510000,2910
50510001,2910
50510086,2910
50600000,100
50600001,100
50600100,100
50600101,100
50600200,100
50600201,100
50600283,100
50600293,100
50600300,100
50600301,100
50600383,100
50600393,100
50600400,100
50600493,100
50610000,450
50610001,450
50610083,450
50610093,450
50610900,450
50700000,450
50700081,450
50701000,450
50701015,450
50701090,450
50701095,450
50800000,100
50800001,100
50800090,100
50800100,100
50800101,100
50800180,100
50800190,100
50800200,100
50800201,100
50800290,100
50800300,100
50800390,100
50800400,100
50801000,100
50801001,100
50801087,100
50801090,100
50801100,100
50801101,100
50801187,100
50801190,100
50801194,100
50801195,100
50801200,100
50801201,100
50801300,100
50801390,100
50801400,100
50802000,100
50802001,100
50802087,100
50802090,100
50802100,100
50803000,100
50803001,100
50804000,100
50804001,100
50810000,450
50810001,450
50810087,450
50810090,450
50810094,450
50810095,450
50810100,450
50810990,450
50811000,450
50811087,450
50900000,100
50900087,100
50900089,100
50900100,100
50900200,100
50900280,100
50900290,100
50900300,100
50900400,100
50900500,100
51100000,100
51100001,100
51100084,100
51100100,100
51100101,100
51100181,100
51100200,100
51100201,100
51100300,100
51100383,100
51100384,100
51108000,100
51108010,100
51200000,2910
51200001,2910
51200085,2910
51300000,2910
51300001,2910
51300099,2910
51301000,2910
51301099,2910
51400000,2910
51400001,2910
51400099,2910
51600000,450
51600001,450
51600100,450
51600101,450
51600198,450
51600200,450
51600400,450
51601000,450
51601001,450
51601050,450
51601100,450
51601190,450
51601199,450
51601200,450
51602000,450
51602001,450
51602100,450
51602199,450
51602200,450
51602300,450
51700000,2625
51700001,2625
51700094,2625
51701000,2625
51701001,2625
51702000,2625
51702001,2625
51709000,2625
51900000,100
51900100,100
51901000,100
51901090,100
51902000,100
51902090,100
51903000,100
51903100,100
51920000,100
51920001,100
51930000,100
51930001,100
51930010,100
51930020,100
51930030,100
51930090,100
52000000,2910
52000001,2910
52000097,2910
52100000,2910
52100001,2910
52100088,2910
52100094,2910
52200000,2910
52200001,2910
52200089,2910
52201000,2910
52201089,2910
52202000,2910
52300000,2910
52300001,2910
52300096,2910
52300100,2910
52300101,2910
52300196,2910
52300200,2910
52300201,2910
52300296,2910
52300300,2910
52300301,2910
52300396,2910
52300400,2910
52300401,2910
52300496,2910
52300500,2910
52300501,2910
52300596,2910
52400000,100
52400001,100
52400002,100
52400010,100
52400080,100
52400081,100
52400083,100
52400090,100
52400093,100
52400100,100
52400101,100
52400110,100
52400120,100
52400200,100
52400201,100
52400210,100
52400220,100
52400283,100
52400300,100
52400301,100
52400310,100
52400320,100
52400330,100
52400390,100
52400394,100
52400400,100
52400401,100
52400480,100
52400484,100
52400490,100
52400500,100
52400501,100
52400600,100
52400700,100
52400800,100
52400880,100
52400900,100
52400990,100
52401000,100
52401001,100
52401010,100
52401020,100
52401099,100
52401100,100
52401110,100
52401200,100
52401210,100
52401300,100
52401310,100
52401400,100
52401410,100
52401500,100
52401600,100
52401700,100
52401710,100
52401800,100
52401810,100
52401820,100
52402000,100
52402001,100
52402010,100
52402020,100
52402030,100
52402090,100
52402100,100
52402110,100
52402120,100
52402130,100
52402200,100
52402210,100
52402220,100
52402300,100
52402310,100
52402400,100
52402410,100
52402420,100
52402450,100
52402460,100
52402500,100
52402510,100
52402520,100
52402600,100
52403000,100
52403001,100
52403010,100
52403020,100
52403030,100
52403080,100
52403083,100
52403100,100
52403110,100
52403120,100
52403130,100
52403200,100
52403210,100
52403220,100
52403283,100
52403290,100
52403300,100
52403310,100
52403400,100
52403500,100
52403580,100
52404000,100
52404001,100
52404100,100
52404101,100
52404190,100
52404200,100
52404300,100
52404301,100
52404400,100
52404401,100
52404499,100
52404500,100
52404599,100
52404600,100
52404700,100
52404799,100
52405100,100
52405101,100
52405186,100
52405188,100
52405189,100
52405190,100
52405200,100
52405201,100
52405286,100
52405290,100
52405300,100
52406000,100
52406001,100
52406080,100
52406083,100
52406090,100
52406095,100
52406100,100
52406101,100
52406188,100
52406189,100
52406190,100
52406194,100
52406200,100
52406280,100
52406283,100
52406300,100
52406400,100
52406500,100
52406600,100
52406700,100
52406800,100
52407000,100
52407001,100
52407090,100
52407400,100
52407500,100
52408000,100
52408001,100
52408086,100
52408100,100
52408186,100
52409000,100
52409080,100
52409081,100
52409090,100
52409100,100
52409181,100
52409183,100
52409186,100
52409188,100
52409200,100
52409287,100
52409300,100
52409380,100
52409384,100
52410000,100
52410086,100
52410089,100
52410090,100
52500000,450
52500001,450
52500010,450
52500090,450
52500100,450
52500101,450
52501000,450
52501001,450
52501040,450
52501090,450
52501100,450
52501101,450
52501200,450
52501201,450
52501300,450
52501301,450
52501400,450
52501401,450
52501989,450
52502000,450
52502001,450
52502089,450
52510000,100
52510001,100
52519000,100
52600000,450
52600001,450
52600093,450
52600100,450
52600181,450
52600200,450
52600290,450
52601000,450
52601001,450
52601093,450
52601100,450
52601190,450
52601200,450
52601290,450
52602000,450
52602001,450
52602081,450
52602093,450
52602100,450
52602181,450
52602200,450
52602201,450
52602281,450
52602290,450
52602300,450
52602381,450
52602400,450
52602490,450
52700000,100
52700001,100
52700100,100
52700101,100
52700180,100
52700190,100
52700198,100
52700200,100
52700201,100
52700284,100
52700290,100
52710000,450
52710050,450
52710080,450
52710090,450
52710100,450
52710180,450
52710184,450
52710190,450
52710198,450
52710200,450
52710284,450
52710290,450
52710298,450
53000000,2910
53000001,2910
53110000,450
53110010,450
53110020,450
53110030,450
53110040,450
53110100,450
53110110,450
53110120,450
53110180,450
53110186,450
53110189,450
53110200,450
53110201,450
53110202,450
53110286,450
53110300,450
53110301,450
53110386,450
53110400,450
53110500,450
53110600,450
53110686,450
53111000,450
53111010,450
53111020,450
53111030,450
53111040,450
53111100,450
53111101,450
53111102,450
53111186,450
53111200,450
53111300,450
53111386,450
53120000,450
53120001,450
53120086,450
53120100,450
53200000,450
53200086,450
53200089,450
53200100,450
53200101,450
53200102,450
53200186,450
53200200,450
53200286,450
53207000,450
53600000,450
53600083,450
53600100,450
53600300,450
53600400,450
53600500,450
53600700,450
53601000,450
53601083,450
53601100,450
53601700,450
53602000,450
53602083,450
53602100,450
53602181,450
53602700,450
53603000,450
53603083,450
53603084,450
53603100,450
53603700,450
53604000,450
53604083,450
53604100,450
53604184,450
53604700,450
53605000,450
53605084,450
53606000,450
53606084,450
53607000,450
53607084,450
53608000,450
53608084,450
53609000,450
53609084,450
53609100,450
53609183,450
53609200,450
53609283,450
53609300,450
53609383,450
53800000,100
53800090,100
53800200,100
53800284,100
53800300,100
53810000,100
53810090,100
53810200,100
53810284,100
53810300,100
53811000,100
53811081,100
53811200,100
53811300,100
53811390,100
53900000,450
53900001,450
53900090,450
53900100,450
53901000,450
53903000,450
53904000,450
53904100,450
53908000,450
53910000,450
53910100,450
53910200,450
53918000,450
54210000,450
54210080,450
54210083,450
54210084,450
54210090,450
54210093,450
54211000,450
54211080,450
54211081,450
54211083,450
54211084,450
54211090,450
54211093,450
54211094,450
54500000,450
54500080,450
54500081,450
54500083,450
54500084,450
54500085,450
54500087,450
54500090,450
54500091,450
54500092,450
54500093,450
54500094,450
54500095,450
54500880,450
54500885,450
54500890,450
54500900,450
54501000,450
54501090,450
54501091,450
54501092,450
54501093,450
54501094,450
54501095,450
54502000,450
54502093,450
54503000,450
54503080,450
54503083,450
54503084,450
54503090,450
54504000,450
54504080,450
54504090,450
54505000,450
54506000,450
54506080,450
54506083,450
54506084,450
54506085,450
54506090,450
54506091,450
54506094,450
54506095,450
54506100,450
54506181,450
54506190,450
54506191,450
54506193,450
54506194,450
54506195,450
54507000,450
54507086,450
54507100,450
54507186,450
55000000,100
55000081,100
55000093,100
55000095,100
55000100,100
55000181,100
55000193,100
55000195,100
55000200,100
55000293,100
55000300,100
55000390,100
55000393,100
55000395,100
55000400,100
55000481,100
55000490,100
55000493,100
55000495,100
55000500,100
55000593,100
55000595,100
55000600,100
55000690,100
55000700,100
55000790,100
55000800,100
55000890,100
55110000,450
55110100,450
55120000,450
55120098,450
55120100,450
55120198,450
55130000,450
55130081,450
55130090,450
55200000,100
55200081,100
55200090,100
55220000,100
55220083,100
55220094,100
55230000,100
55240000,100
55240090,100
55240094,100
55260000,100
55260080,100
55260090,100
55300000,100
55300093,100
55300100,100
55300193,100
55300200,100
55300299,100
55301000,100
55301100,100
55301200,100
55500000,100
55500100,100
55500200,100
55505000,100
55505100,100
55505200,100
55505300,100
55505400,100
55505500,100
55505600,100
55505700,100
55505800,100
55506000,100
55506100,100
55506200,100
55506300,100
55506400,100
55507000,100
55507100,100
55507200,100
55507300,100
55507400,100
55507500,100
55507600,100
55507700,100
55507800,100
55508000,100
55508100,100
55508200,100
55508300,100
55508400,100
55508500,100
55508800,100
55510000,450
55510100,450
55600000,100
55600100,100
55600200,100
55600297,100
55600300,100
55600390,100
55700000,100
55701000,100
55701100,100
55701200,100
55702000,100
55800000,450
55800084,450
55800085,450
55800985,450
55801000,450
55808000,450
55900000,100
55900083,100
55900087,100
55900090,100
55900100,100
55900180,100
55900184,100
55900200,100
55900300,100
55900400,100
55900500,100
55910000,450
55910087,450
55910400,450
55910500,450
55910587,450
55917500,450
56000000,100
56000090,100
56000100,100
56000200,100
56000287,100
56001000,100
56001090,100
56001100,100
56001187,100
56002000,100
56002087,100
56002100,100
56002190,100
56003000,100
56003100,100
56003187,100
56003200,100
56003300,100
56004000,100
56004100,100
56200000,450
56300000,100
56301000,100
56302000,100
56302081,100
56400000,100
56400100,100
56400183,100
56510000,100
56510080,100
56510093,100
56510098,100
56510100,100
56510150,100
56510500,100
56510582,100
56510598,100
56511000,100
56511400,100
56511500,100
56511593,100
56511600,100
56511690,100
56511700,100
56511800,100
56511900,100
56512000,100
56512050,100
56512093,100
56512098,100
56512100,100
56512500,100
56513000,100
56514000,100
56514090,100
56514098,100
56516000,100
56516081,100
56516082,100
56516093,100
56516095,100
56516098,100
56517000,100
56517095,100
56519000,100
56610000,100
56610090,100
56610100,100
56611000,100
56611090,100
56611098,100
56611100,100
56612000,100
56612090,100
56612100,100
56800000,450
56800081,450
56800093,450
56900000,450
56900090,450
57000000,100
57000093,100
57000200,100
57001000,100
57001093,100
57001200,100
57002000,100
57002093,100
57002200,100
57009000,100
57009100,100
57009200,100
57010000,100
57010093,100
57100000,100
57100093,100
57109000,100
57109100,100
57200000,450
57200093,450
57200100,450
57300000,450
57300083,450
57301000,450
57301993,450
57400000,450
57400090,450
57400094,450
57400095,450
57401000,450
57401090,450
57401094,450
57401095,450
57402000,450
57402090,450
57402094,450
57402095,450
57403000,450
57403090,450
57403094,450
57403095,450
57404000,450
57404090,450
57405000,450
57405094,450
57406000,450
57406094,450
57407000,450
57407100,450
57409000,450
57409081,450
57500080,100
57500084,100
57500090,100
57500098,100
57500400,100
57500480,100
57500484,100
57500490,100
57500498,100
57507000,100
57508000,100
57508080,100
57508100,100
57508180,100
57508200,100
57508290,100
57508300,100
57508380,100
57508400,100
57508490,100
57508500,100
57510000,100
57510002,100
57510080,100
57510084,100
57510090,100
57510098,100
57510100,100
57510200,100
57510300,100
57510400,100
57510500,100
57510600,100
57600000,100
57600100,100
57600300,100
57600390,100
57610000,100
57610081,100
57610300,100
57610390,100
57800000,450
57800090,450
57800100,450
57800200,450
57800700,450
57900000,450
57900090,450
57900100,450
57901000,450
57901090,450
57901100,450
57902000,450
57902100,450
57903000,450
57903100,450
57904000,450
57904100,450
57905000,450
57905100,450
57906000,450
57907000,450
57908000,450
57909000,450
58000000,2910
58000001,2910
58100000,2625
58100001,2625
58100083,2625
58100093,2625
58100100,2625
58100900,2625
58100910,2625
58100920,2625
58100980,2625
58100990,2625
58200000,450
58200001,450
58200090,450
58200093,450
58200095,450
58200990,450
58300000,100
58300001,100
58300093,100
58300100,100
58300101,100
58300182,100
58300190,100
58300193,100
58300200,100
58300293,100
58300298,100
58300300,100
58300301,100
58300393,100
58300398,100
58300400,100
58300401,100
58300500,100
58300501,100
58300580,100
58300593,100
58300600,100
58301000,100
58302000,100
58303000,100
58309000,100
58309082,100
58309090,100
58309098,100
58400000,450
58400001,450
58400050,450
58400093,450
58400100,450
58400101,450
58400182,450
58400193,450
58400200,450
58400201,450
58400293,450
58400300,450
58400301,450
58400382,450
58400500,450
58400501,450
58400590,450
58400600,450
58400601,450
58400690,450
58409000,450
58409098,450
58500000,100
58500084,100
58500100,100
58500190,100
58600000,2910
58600001,2910
58600010,2910
58600080,2910
58600083,2910
58600090,2910
58700000,100
58700001,100
58700090,100
58700100,100
58700101,100
58700181,100
58700190,100
58700200,100
58700201,100
58700290,100
58700300,100
58700301,100
58700390,100
58700400,100
58700495,100
58701000,100
58702000,100
58710000,100
58710001,100
58710090,100
58720000,450
58720001,450
58720090,450
58720091,450
58720100,450
58727000,450
58727090,450
59000000,100
59000001,100
59000010,100
59000083,100
59000090,100
59000100,100
59000110,100
59000180,100
59000183,100
59000189,100
59000190,100
59000200,100
59000210,100
59300000,100
59301000,100
59310000,100
59311000,100
59311084,100
59400000,100
59400100,100
59400187,100
59400200,100
59400287,100
59400300,100
59400387,100
59400400,100
59401000,100
59500000,450
59501000,450
59501087,450
59600000,2910
59600100,2910
59700000,450
59700083,450
59700090,450
59701000,450
59701100,450
59701190,450
59702000,450
59702090,450
59800000,450
59800090,450
59800100,450
59808000,450
59808100,450
59900000,100
59900090,100
59900094,100
59900100,100
59900200,100
59900294,100
60010000,100
60010010,100
60010012,100
60010014,100
60010020,100
60010022,100
60010030,100
60010032,100
60010033,100
60010040,100
60010042,100
60010050,100
60010052,100
60010064,100
60010065,100
60019000,100
60100000,100
60100009,100
60100010,100
60100012,100
60100020,100
60100022,100
60100030,100
60100032,100
60100033,100
60100040,100
60100042,100
60100050,100
60100052,100
60100064,100
60100065,100
60100900,100
60100965,100
60101000,100
60310000,100
60310010,100
60310012,100
60310020,100
60310022,100
60310030,100
60310032,100
60310033,100
60310042,100
60400000,100
60400010,100
60400012,100
60400020,100
60400022,100
60400030,100
60400032,100
60400033,100
60400050,100
60500000,100
60500010,100
60500012,100
60500020,100
60500022,100
60500030,100
60500032,100
60500050,100
60500052,100
60500064,100
60500900,100
60500965,100
60501000,100
60501010,100
60501012,100
60501030,100
60501032,100
60501042,100
60501050,100
60501052,100
60600000,100
60600010,100
60600012,100
60600020,100
60600030,100
60600032,100
60600033,100
60600040,100
60600042,100
60600050,100
60600052,100
60600064,100
60600065,100
60600900,100
60600965,100
60601000,100
60601010,100
60601012,100
60601030,100
60601032,100
60601040,100
60601042,100
60601050,100
60601052,100
60602000,100
60602010,100
60602012,100
60602030,100
60602032,100
60602042,100
60602050,100
60602052,100
60603000,100
60603030,100
60604000,100
60604030,100
60605000,100
60605030,100
60700000,100
60700010,100
60700012,100
60700020,100
60700022,100
60700032,100
60700040,100
60700042,100
60700050,100
60700052,100
60720000,100
60720010,100
60720020,100
60720040,100
60720042,100
60720050,100
60720052,100
60720100,100
60720120,100
60720134,100
60800000,100
60800010,100
60800012,100
60800020,100
60800030,100
60800032,100
60800033,100
60800040,100
60800052,100
60800064,100
60810000,100
60810010,100
60810012,100
60810020,100
60810030,100
60810033,100
60810040,100
60810042,100
60810052,100
60820000,100
60820040,100
60900000,100
60900010,100
60900012,100
60900020,100
60900022,100
60900030,100
60900032,100
60900033,100
60900040,100
60900042,100
60900050,100
60900052,100
60900064,100
60910000,100
60911000,100
61000000,100
61000010,100
61000012,100
61000020,100
61000022,100
61000030,100
61000032,100
61000033,100
61000040,100
61000042,100
61000050,100
61000052,100
61000064,100
61000065,100
61000100,100
61000150,100
61000900,100
61000965,100
62010000,100
62011000,100
62012000,100
62012090,100
62012095,100
62012100,100
62012200,100
62012290,100
62013000,100
62013090,100
62013100,100
62013200,100
62014000,100
62014090,100
62014100,100
62014200,100
62015000,100
62015090,100
62015091,100
62015095,100
62015100,100
62015200,100
62109000,100
62310000,100
62310098,100
62311000,100
62311098,100
62322000,100
62330000,100
62331000,100
62400000,100
62400010,100
62400083,100
62400300,100
62400310,100
62400400,100
62400410,100
62400500,100
62400510,100
62400600,100
62400610,100
62510000,2625
62510093,2625
62511000,2625
62511093,2625
62600000,450
62600000,450
62601000,450
62601084,450
62700000,450
62700003,450
62700100,450
62708000,450
62708100,450
62708200,450
62708300,450
62708400,450
62900000,100
62900100,100
62900200,100
62901000,100
62901100,100
62902000,100
62902100,100
62909000,100
62909100,100
62910000,100
62910100,100
62910200,100
62919000,100
63000000,100
63001000,100
63002000,100
63002100,100
63003000,100
63004000,100
63009000,100
63100000,450
63101000,450
63101093,450
63202000,100
63202009,100
63202200,100
63202300,100
63202400,100
63202800,100
63202900,100
63207100,100
63207180,100
63207185,100
63207190,100
63207195,100
70000000,100
70000100,100
70001000,100
70001100,100
70002000,100
70002100,100
70003000,100
70003100,100
70004000,100
70004100,100
70005000,100
70005100,100
71000010,2625
71000012,2625
71000030,2625
71000040,2625
71000050,2625
71000110,2625
71000115,2625
71000950,2625
75000000,4375
75000010,4375
75000020,4375
75000200,4375
75000210,4375
75001000,4375
75001010,4375
75001020,4375
75001100,4375
75001110,4375
75002000,4375
75002010,4375
75002020,4375
75002100,4375
75002110,4375
75002200,4375
75002210,4375
75003000,4375
75003010,4375
75003020,4375
75003100,4375
75003110,4375
75003200,4375
75003210,4375
75009000,4375
75009100,4375
75009200,4375
75009900,4375
75100010,4375
75100020,4375
75110010,4375
75200000,4375
75200020,4375
75200030,4375
75200110,4375
75200120,4375
75210000,4375
75210010,4375
75300000,4375
75300010,4375
75300020,4375
75300110,4375
75300120,4375
75400000,4375
75400020,4375
75400100,4375
75401000,4375
75410000,4375
75600000,4375
75600020,4375
75600100,4375
75600120,4375
75609000,4375
75610000,4375
75610010,4375
75619000,4375
75700000,4375
75700010,4375
75700020,4375
75700030,4375
75800000,4375
75800010,4375
75801000,4375
75802000,4375
75802010,4375
75809000,4375
75809100,4375
75809200,4375
76000000,4375
76000010,4375
76001000,4375
76001010,4375
76002000,4375
76009000,4375
76100000,2625
76100010,2625
76100020,2625
76109000,2625
76200000,4375
76200010,4375
76200020,4375
76200030,4375
76200040,4375
76200050,4375
76200060,4375
76200070,4375
76200110,4375
76200210,4375
76200220,4375
76200230,4375
76200240,4375
76200250,4375
76200260,4375
76200270,4375
76200310,4375
76200320,4375
76200330,4375
76200340,4375
76200350,4375
76200360,4375
76200370,4375
76209000,4375
76209010,4375
76209020,4375
76209030,4375
76209050,4375
76500000,100
76500010,100
76510000,100
76510010,100
76510100,100
76510110,100
76600000,2625
76600010,2625
77000000,2910
77009000,2910
77009010,2910
77100000,2910
77109000,2910
77110000,100
77110010,100
77119000,100
77120000,100
77120010,100
77129000,100
77200000,2910
78000000,2910
78009000,2910
78100000,100
78100010,100
78100020,100
78109000,100
78200000,2910
78209000,2910
79000000,2910
79000020,2910
79009000,2910
79100000,2910
79100010,2910
79100020,2910
79109000,2910
79200000,2910
79209000,2910
79300000,2910
79300010,2910
79300100,2910
79300110,2910
79301000,2910
79301100,2910
79310000,2625
79320000,2625
79320001,2625
79320002,2625
79320003,2625
80000000,100
81000000,100
81000010,100
81000012,100
81000014,100
81000030,100
81000041,100
81000051,100
81000056,100
81010000,100
81010010,100
81010012,100
81010030,100
81010041,100
81010050,100
81100000,100
81100014,100
81100020,100
81100041,100
81100050,100
89100000,100
500000000,2910
500000006,2910
500000010,2910
500000020,2910
500000032,2910
500000040,2910
500000042,2910
500000066,2910
500001000,2910
500010000,2910
500010100,2910
500010200,2910
500010300,2910
500010400,2910
500010500,2910
500010600,2910
500020000,2910
500020010,2910
500020079,2910
500030000,2910
501060020,2625
501060024,2625
501060062,2625
501060078,2625
501060162,2625
501060262,2625
501060362,2625
501060462,2625
501120034,2625
502010024,2625
504020088,450
504020188,450
506010010,100
506010040,100
506030012,100
506030020,100
506030050,100
506030052,100
506030066,100
506060020,100
506070078,100
506080079,100
520000000,2910
520000001,2910
520000002,2910
520000003,2910
520000004,2910
520000005,2910
520000006,2910
520000007,2910
520000008,2910
520000009,2910
520000010,2910
520000011,2910
520000012,2910
520000013,2910
520000014,2910
520000015,2910
520000016,2910
520000017,2910
520000018,2910
520000019,2910
520000020,2910
520000021,2910
521010000,2910
521020000,2910
521030000,2910
521030100,2910
521030700,2910
521040000,2910
521040010,2910
521050000,2910
521050700,2910
521060000,2910
521060100,2910
521060200,2910
521060700,2910
521060800,2910
521070000,2910
521080000,2910
521080700,2910
521090000,2910
521090100,2910
521090200,2910
523000000,2910
523000038,2910
523000138,2910
523010000,2910
523010010,2910
523010020,2910
523010068,2910
523010110,2910
523010168,2910
523020000,2910
523030000,2910
523040000,2910
523040020,2910
523040050,2910
523050000,2910
523060000,2910
523070000,2910
523070020,2910
523070120,2910
523070220,2910
523070320,2910
523080000,2910
523090000,2910
523090010,2910
523090020,2910
523090030,2910
523090032,2910
523090038,2910
523090110,2910
523090132,2910
523090210,2910
523090310,2910
523090410,2910
524070000,100
524070001,100
524070081,100
524090100,100
524090190,100
524090290,100
524130098,100
524140189,100
524140198,100
524140289,100
524150189,100
524150289,100
524160199,100
524160289,100
524170189,100
524170289,100
524180189,100
524180198,100
524180199,100
524180289,100
524190189,100
610030000,100
610030100,100
610030200,100
610030300,100
610030400,100
610030500,100
610030600,100
610030700,100
700035000,100
700035001,100
700035002,100
700035003,100
700035004,100
700035005,100
700035100,100
700035101,100
700035102,100
700035103,100
700035104,100
700035105,100
700035200,100
700035201,100
700035202,100
700035203,100
700035204,100
700035205,100
700035300,100
700035301,100
700035302,100
700035303,100
700035304,100
700035305,100
700035400,100
700035401,100
700035402,100
700035403,100
700035404,100
700035405,100
700035500,100
700035501,100
700035502,100
700035503,100
700035504,100
700035505,100
700035600,100
700035601,100
700035602,100
700035603,100
700035604,100
700035605,100
700035700,100
700035701,100
700035702,100
700035703,100
700035704,100
700035705,100
700035800,100
700035801,100
700035802,100
700035803,100
700035804,100
700035805,100
700035900,100
700035901,100
700035902,100
700035903,100
700035904,100
700035905,100
