ID,Name,unknown_0,patternId,playArea1,playArea2,bossId1,bossId2,extraBossId1,extraBossId2,bossModifier1,bossModifier2,extraBossModifier1,extraBossModifier2,
0,Gladius: NB1=Demi-Human Queen + Swordmaster NB2=Morgott,1,0,1001,1011,4929,4840,-1,-1,444,400,0,0
1,Gladius: NB1=Demi-Human Queen + Swordmaster NB2=Morgott,0,1,1001,1011,4929,4840,-1,-1,444,400,0,0
2,Gladius: NB1=Demi-Human Queen + Swordmaster NB2=Morgott,0,2,1002,1003,4929,4840,-1,-1,444,400,0,0
3,Gladius: NB1=Demi-Human Queen + Swordmaster NB2=Morgott,0,3,1000,1010,4929,4840,-1,-1,444,400,0,0
4,Gladius: NB1=Demi-Human Queen + Swordmaster NB2=Morgott,0,4,1008,1003,4929,4840,-1,-1,444,400,0,0
5,Gladius: NB1=Demi-Human Queen + Swordmaster NB2=Morgott,0,5,1011,1006,4929,4840,-1,-1,444,400,0,0
6,Gladius: NB1=Demi-Human Queen + Swordmaster NB2=Morgott,0,6,1007,1002,4929,4840,-1,-1,444,400,0,0
7,Gladius: NB1=Demi-Human Queen + Swordmaster NB2=Morgott,0,7,1010,1004,4929,4840,-1,-1,444,400,0,0
8,Gladius: NB1=Demi-Human Queen + Swordmaster NB2=Morgott,0,8,1009,1006,4929,4840,-1,-1,444,400,0,0
9,Gladius: NB1=Demi-Human Queen + Swordmaster NB2=Morgott,0,9,1011,1001,4929,4840,-1,-1,444,400,0,0
10,Gladius: NB1=Demi-Human Queen + Swordmaster NB2=Morgott,0,10,1002,1007,4929,4840,-1,-1,444,400,0,0
11,Gladius: NB1=Demi-Human Queen + Swordmaster NB2=Morgott,0,11,1011,1001,4929,4840,-1,-1,444,400,0,0
12,Gladius: NB1=Demi-Human Queen + Swordmaster NB2=Morgott,0,12,1004,1010,4929,4840,-1,-1,444,400,0,0
13,Gladius: NB1=Demi-Human Queen + Swordmaster NB2=Morgott,0,13,1002,1005,4929,4840,-1,-1,444,400,0,0
14,Gladius: NB1=Demi-Human Queen + Swordmaster NB2=Morgott,0,14,1008,1000,4929,4840,-1,-1,444,400,0,0
15,Gladius: NB1=Demi-Human Queen + Swordmaster NB2=Morgott,0,15,1010,1003,4929,4840,-1,-1,444,400,0,0
16,Gladius: NB1=Demi-Human Queen + Swordmaster NB2=Morgott,0,16,1000,1009,4929,4840,-1,-1,444,400,0,0
17,Gladius: NB1=Demi-Human Queen + Swordmaster NB2=Morgott,0,17,1001,1000,4929,4840,-1,-1,444,400,0,0
18,Gladius: NB1=Demi-Human Queen + Swordmaster NB2=Morgott,0,18,1010,1004,4929,4840,-1,-1,444,400,0,0
19,Gladius: NB1=Demi-Human Queen + Swordmaster NB2=Morgott,0,19,1003,1008,4929,4840,-1,-1,444,400,0,0
20,Gladius: NB1=Demi-Human Queen + Swordmaster NB2=Morgott,0,20,1003,1023,4929,4840,-1,-1,444,400,0,0
21,Gladius: NB1=Demi-Human Queen + Swordmaster NB2=Morgott,0,21,1011,1023,4929,4840,-1,-1,444,400,0,0
22,Gladius: NB1=Demi-Human Queen + Swordmaster NB2=Morgott,0,22,1011,1023,4929,4840,-1,-1,444,400,0,0
23,Gladius: NB1=Demi-Human Queen + Swordmaster NB2=Morgott,0,23,1011,1023,4929,4840,-1,-1,444,400,0,0
24,Gladius: NB1=Demi-Human Queen + Swordmaster NB2=Morgott,0,24,1009,1023,4929,4840,-1,-1,444,400,0,0
25,Gladius: NB1=Demi-Human Queen + Swordmaster NB2=Morgott,0,25,1001,1024,4929,4840,-1,-1,444,400,0,0
26,Gladius: NB1=Demi-Human Queen + Swordmaster NB2=Morgott,0,26,1005,1024,4929,4840,-1,-1,444,400,0,0
27,Gladius: NB1=Demi-Human Queen + Swordmaster NB2=Morgott,0,27,1011,1024,4929,4840,-1,-1,444,400,0,0
28,Gladius: NB1=Demi-Human Queen + Swordmaster NB2=Morgott,0,28,1004,1024,4929,4840,-1,-1,444,400,0,0
29,Gladius: NB1=Demi-Human Queen + Swordmaster NB2=Morgott,0,29,1010,1024,4929,4840,-1,-1,444,400,0,0
30,Gladius: NB1=Demi-Human Queen + Swordmaster NB2=Morgott,0,30,1011,1021,4929,4840,-1,-1,444,400,0,0
31,Gladius: NB1=Demi-Human Queen + Swordmaster NB2=Morgott,0,31,1002,1021,4929,4840,-1,-1,444,400,0,0
32,Gladius: NB1=Demi-Human Queen + Swordmaster NB2=Morgott,0,32,1002,1021,4929,4840,-1,-1,444,400,0,0
33,Gladius: NB1=Demi-Human Queen + Swordmaster NB2=Morgott,0,33,1011,1021,4929,4840,-1,-1,444,400,0,0
34,Gladius: NB1=Demi-Human Queen + Swordmaster NB2=Morgott,0,34,1001,1021,4929,4840,-1,-1,444,400,0,0
35,Gladius: NB1=Demi-Human Queen + Swordmaster NB2=Morgott,0,35,1001,1025,4929,4840,-1,-1,444,400,0,0
36,Gladius: NB1=Demi-Human Queen + Swordmaster NB2=Morgott,0,36,1011,1025,4929,4840,-1,-1,444,400,0,0
37,Gladius: NB1=Demi-Human Queen + Swordmaster NB2=Morgott,0,37,1011,1025,4929,4840,-1,-1,444,400,0,0
38,Gladius: NB1=Demi-Human Queen + Swordmaster NB2=Morgott,0,38,1011,1025,4929,4840,-1,-1,444,400,0,0
39,Gladius: NB1=Demi-Human Queen + Swordmaster NB2=Morgott,0,39,1001,1025,4929,4840,-1,-1,444,400,0,0
40,Adel: NB1=Gaping Dragon (DS1) NB2=Ancient Dragon,0,40,1001,1009,4780,4919,-1,-1,427,445,0,0
41,Adel: NB1=Gaping Dragon (DS1) NB2=Ancient Dragon,0,41,1010,1000,4780,4919,-1,-1,427,445,0,0
42,Adel: NB1=Gaping Dragon (DS1) NB2=Ancient Dragon,0,42,1011,1004,4780,4919,-1,-1,427,445,0,0
43,Adel: NB1=Gaping Dragon (DS1) NB2=Ancient Dragon,0,43,1010,1001,4780,4919,-1,-1,427,445,0,0
44,Adel: NB1=Gaping Dragon (DS1) NB2=Ancient Dragon,0,44,1001,1004,4780,4919,-1,-1,427,445,0,0
45,Adel: NB1=Gaping Dragon (DS1) NB2=Ancient Dragon,0,45,1005,1008,4780,4919,-1,-1,427,445,0,0
46,Adel: NB1=Gaping Dragon (DS1) NB2=Ancient Dragon,0,46,1010,1006,4780,4919,-1,4923,427,445,0,446
47,Adel: NB1=Gaping Dragon (DS1) NB2=Ancient Dragon,0,47,1010,1000,4780,4919,-1,4921,427,445,0,443
48,Adel: NB1=Gaping Dragon (DS1) NB2=Ancient Dragon,0,48,1006,1011,4780,4919,-1,-1,427,445,0,0
49,Adel: NB1=Gaping Dragon (DS1) NB2=Ancient Dragon,0,49,1003,1001,4780,4919,-1,-1,427,445,0,0
50,Adel: NB1=Gaping Dragon (DS1) NB2=Ancient Dragon,0,50,1004,1008,4780,4919,-1,-1,427,445,0,0
51,Adel: NB1=Gaping Dragon (DS1) NB2=Ancient Dragon,0,51,1001,1004,4780,4919,-1,-1,427,445,0,0
52,Adel: NB1=Gaping Dragon (DS1) NB2=Ancient Dragon,0,52,1003,1002,4780,4919,-1,-1,427,445,0,0
53,Adel: NB1=Gaping Dragon (DS1) NB2=Ancient Dragon,0,53,1004,1008,4780,4919,-1,-1,427,445,0,0
54,Adel: NB1=Gaping Dragon (DS1) NB2=Ancient Dragon,0,54,1000,1010,4780,4919,-1,-1,427,445,0,0
55,Adel: NB1=Gaping Dragon (DS1) NB2=Ancient Dragon,0,55,1001,1003,4780,4919,-1,-1,427,445,0,0
56,Adel: NB1=Gaping Dragon (DS1) NB2=Ancient Dragon,0,56,1011,1003,4780,4919,-1,-1,427,445,0,0
57,Adel: NB1=Gaping Dragon (DS1) NB2=Ancient Dragon,0,57,1006,1003,4780,4919,-1,-1,427,445,0,0
58,Adel: NB1=Gaping Dragon (DS1) NB2=Ancient Dragon,0,58,1002,1005,4780,4919,-1,-1,427,445,0,0
59,Adel: NB1=Gaping Dragon (DS1) NB2=Ancient Dragon,0,59,1004,1011,4780,4919,-1,-1,427,445,0,0
60,Adel: NB1=Gaping Dragon (DS1) NB2=Ancient Dragon,0,60,1009,1023,4780,4919,-1,-1,427,445,0,0
61,Adel: NB1=Gaping Dragon (DS1) NB2=Ancient Dragon,0,61,1011,1023,4780,4919,-1,-1,427,445,0,0
62,Adel: NB1=Gaping Dragon (DS1) NB2=Ancient Dragon,0,62,1009,1023,4780,4919,-1,-1,427,445,0,0
63,Adel: NB1=Gaping Dragon (DS1) NB2=Ancient Dragon,0,63,1000,1023,4780,4919,-1,-1,427,445,0,0
64,Adel: NB1=Gaping Dragon (DS1) NB2=Ancient Dragon,0,64,1010,1023,4780,4919,-1,-1,427,445,0,0
65,Adel: NB1=Gaping Dragon (DS1) NB2=Ancient Dragon,0,65,1003,1024,4780,4919,-1,-1,427,445,0,0
66,Adel: NB1=Gaping Dragon (DS1) NB2=Ancient Dragon,0,66,1004,1024,4780,4919,-1,-1,427,445,0,0
67,Adel: NB1=Gaping Dragon (DS1) NB2=Ancient Dragon,0,67,1009,1024,4780,4919,-1,-1,427,445,0,0
68,Adel: NB1=Gaping Dragon (DS1) NB2=Ancient Dragon,0,68,1001,1024,4780,4919,-1,4925,427,445,0,447
69,Adel: NB1=Gaping Dragon (DS1) NB2=Ancient Dragon,0,69,1005,1024,4780,4919,-1,-1,427,445,0,0
70,Adel: NB1=Gaping Dragon (DS1) NB2=Ancient Dragon,0,70,1006,1021,4780,4919,4810,-1,427,445,430,0
71,Adel: NB1=Gaping Dragon (DS1) NB2=Ancient Dragon,0,71,1004,1022,4780,4919,-1,-1,427,445,0,0
72,Adel: NB1=Gaping Dragon (DS1) NB2=Ancient Dragon,0,72,1000,1021,4780,4919,-1,-1,427,445,0,0
73,Adel: NB1=Gaping Dragon (DS1) NB2=Ancient Dragon,0,73,1001,1022,4780,4919,-1,-1,427,445,0,0
74,Adel: NB1=Gaping Dragon (DS1) NB2=Ancient Dragon,0,74,1008,1022,4780,4919,-1,-1,427,445,0,0
75,Adel: NB1=Gaping Dragon (DS1) NB2=Ancient Dragon,0,75,1011,1025,4780,4919,-1,-1,427,445,0,0
76,Adel: NB1=Gaping Dragon (DS1) NB2=Ancient Dragon,0,76,1002,1025,4780,4919,-1,-1,427,445,0,0
77,Adel: NB1=Gaping Dragon (DS1) NB2=Ancient Dragon,0,77,1011,1025,4780,4919,-1,-1,427,445,0,0
78,Adel: NB1=Gaping Dragon (DS1) NB2=Ancient Dragon,0,78,1002,1025,4780,4919,-1,-1,427,445,0,0
79,Adel: NB1=Gaping Dragon (DS1) NB2=Ancient Dragon,0,79,1002,1025,4780,4919,-1,-1,427,445,0,0
80,Gnoster: NB1=Smelter Demon (DS2) NB2=Great Wyrm Theodorix (Magma Wyrm),0,80,1003,1011,4810,4918,-1,-1,430,418,0,0
81,Gnoster: NB1=Smelter Demon (DS2) NB2=Great Wyrm Theodorix (Magma Wyrm),0,81,1003,1006,4810,4918,-1,-1,430,418,0,0
82,Gnoster: NB1=Smelter Demon (DS2) NB2=Great Wyrm Theodorix (Magma Wyrm),0,82,1003,1001,4810,4918,-1,-1,430,418,0,0
83,Gnoster: NB1=Smelter Demon (DS2) NB2=Great Wyrm Theodorix (Magma Wyrm),0,83,1007,1000,4810,4918,-1,-1,430,418,0,0
84,Gnoster: NB1=Smelter Demon (DS2) NB2=Great Wyrm Theodorix (Magma Wyrm),0,84,1001,1008,4810,4918,-1,-1,430,418,0,0
85,Gnoster: NB1=Smelter Demon (DS2) NB2=Great Wyrm Theodorix (Magma Wyrm),0,85,1009,1001,4810,4918,-1,-1,430,418,0,0
86,Gnoster: NB1=Smelter Demon (DS2) NB2=Great Wyrm Theodorix (Magma Wyrm),0,86,1011,1002,4810,4918,-1,-1,430,418,0,0
87,Gnoster: NB1=Smelter Demon (DS2) NB2=Great Wyrm Theodorix (Magma Wyrm),0,87,1001,1007,4810,4918,-1,-1,430,418,0,0
88,Gnoster: NB1=Smelter Demon (DS2) NB2=Great Wyrm Theodorix (Magma Wyrm),0,88,1010,1002,4810,4918,-1,-1,430,418,0,0
89,Gnoster: NB1=Smelter Demon (DS2) NB2=Great Wyrm Theodorix (Magma Wyrm),0,89,1011,1006,4810,4918,-1,-1,430,418,0,0
90,Gnoster: NB1=Smelter Demon (DS2) NB2=Great Wyrm Theodorix (Magma Wyrm),0,90,1004,1010,4810,4918,-1,-1,430,418,0,0
91,Gnoster: NB1=Smelter Demon (DS2) NB2=Great Wyrm Theodorix (Magma Wyrm),0,91,1008,1000,4810,4918,-1,-1,430,418,0,0
92,Gnoster: NB1=Smelter Demon (DS2) NB2=Great Wyrm Theodorix (Magma Wyrm),0,92,1008,1002,4810,4918,-1,-1,430,418,0,0
93,Gnoster: NB1=Smelter Demon (DS2) NB2=Great Wyrm Theodorix (Magma Wyrm),0,93,1002,1006,4810,4918,-1,-1,430,418,0,0
94,Gnoster: NB1=Smelter Demon (DS2) NB2=Great Wyrm Theodorix (Magma Wyrm),0,94,1005,1011,4810,4918,-1,-1,430,418,0,0
95,Gnoster: NB1=Smelter Demon (DS2) NB2=Great Wyrm Theodorix (Magma Wyrm),0,95,1008,1005,4810,4918,-1,-1,430,418,0,0
96,Gnoster: NB1=Smelter Demon (DS2) NB2=Great Wyrm Theodorix (Magma Wyrm),0,96,1001,1009,4810,4918,-1,-1,430,418,0,0
97,Gnoster: NB1=Smelter Demon (DS2) NB2=Great Wyrm Theodorix (Magma Wyrm),0,97,1001,1004,4810,4918,-1,-1,430,418,0,0
98,Gnoster: NB1=Smelter Demon (DS2) NB2=Great Wyrm Theodorix (Magma Wyrm),0,98,1005,1011,4810,4918,-1,-1,430,418,0,0
99,Gnoster: NB1=Smelter Demon (DS2) NB2=Great Wyrm Theodorix (Magma Wyrm),0,99,1001,1011,4810,4918,-1,-1,430,418,0,0
100,Gnoster: NB1=Smelter Demon (DS2) NB2=Great Wyrm Theodorix (Magma Wyrm),0,100,1000,1023,4810,4918,-1,-1,430,418,0,0
101,Gnoster: NB1=Smelter Demon (DS2) NB2=Great Wyrm Theodorix (Magma Wyrm),0,101,1011,1023,4810,4918,-1,-1,430,418,0,0
102,Gnoster: NB1=Smelter Demon (DS2) NB2=Great Wyrm Theodorix (Magma Wyrm),0,102,1009,1023,4810,4918,-1,-1,430,418,0,0
103,Gnoster: NB1=Smelter Demon (DS2) NB2=Great Wyrm Theodorix (Magma Wyrm),0,103,1011,1023,4810,4918,-1,-1,430,418,0,0
104,Gnoster: NB1=Smelter Demon (DS2) NB2=Great Wyrm Theodorix (Magma Wyrm),0,104,1000,1023,4810,4918,-1,-1,430,418,0,0
105,Gnoster: NB1=Smelter Demon (DS2) NB2=Great Wyrm Theodorix (Magma Wyrm),0,105,1005,1024,4810,4918,-1,-1,430,418,0,0
106,Gnoster: NB1=Smelter Demon (DS2) NB2=Great Wyrm Theodorix (Magma Wyrm),0,106,1007,1024,4810,4918,-1,-1,430,418,0,0
107,Gnoster: NB1=Smelter Demon (DS2) NB2=Great Wyrm Theodorix (Magma Wyrm),0,107,1009,1024,4810,4918,-1,-1,430,418,0,0
108,Gnoster: NB1=Smelter Demon (DS2) NB2=Great Wyrm Theodorix (Magma Wyrm),0,108,1003,1024,4810,4918,-1,-1,430,418,0,0
109,Gnoster: NB1=Smelter Demon (DS2) NB2=Great Wyrm Theodorix (Magma Wyrm),0,109,1007,1024,4810,4918,-1,-1,430,418,0,0
110,Gnoster: NB1=Smelter Demon (DS2) NB2=Great Wyrm Theodorix (Magma Wyrm),0,110,1001,1021,4810,4918,-1,-1,430,418,0,0
111,Gnoster: NB1=Smelter Demon (DS2) NB2=Great Wyrm Theodorix (Magma Wyrm),0,111,1011,1021,4810,4918,-1,-1,430,418,0,0
112,Gnoster: NB1=Smelter Demon (DS2) NB2=Great Wyrm Theodorix (Magma Wyrm),0,112,1004,1022,4810,4918,-1,-1,430,418,0,0
113,Gnoster: NB1=Smelter Demon (DS2) NB2=Great Wyrm Theodorix (Magma Wyrm),0,113,1008,1021,4810,4918,-1,-1,430,418,0,0
114,Gnoster: NB1=Smelter Demon (DS2) NB2=Great Wyrm Theodorix (Magma Wyrm),0,114,1011,1021,4810,4918,-1,-1,430,418,0,0
115,Gnoster: NB1=Smelter Demon (DS2) NB2=Great Wyrm Theodorix (Magma Wyrm),0,115,1001,1025,4810,4918,-1,-1,430,418,0,0
116,Gnoster: NB1=Smelter Demon (DS2) NB2=Great Wyrm Theodorix (Magma Wyrm),0,116,1011,1025,4810,4918,-1,-1,430,418,0,0
117,Gnoster: NB1=Smelter Demon (DS2) NB2=Great Wyrm Theodorix (Magma Wyrm),0,117,1001,1025,4810,4918,-1,-1,430,418,0,0
118,Gnoster: NB1=Smelter Demon (DS2) NB2=Great Wyrm Theodorix (Magma Wyrm),0,118,1001,1025,4810,4918,-1,-1,430,418,0,0
119,Gnoster: NB1=Smelter Demon (DS2) NB2=Great Wyrm Theodorix (Magma Wyrm),0,119,1001,1025,4810,4918,-1,-1,430,418,0,0
120,Maris: NB1=Grafted Monarch NB2=Fallingstar Beast,0,120,1003,1001,4910,4920,-1,-1,436,435,0,0
121,Maris: NB1=Grafted Monarch NB2=Fallingstar Beast,0,121,1001,1011,4910,4920,-1,-1,436,435,0,0
122,Maris: NB1=Grafted Monarch NB2=Fallingstar Beast,0,122,1009,1006,4910,4920,-1,-1,436,435,0,0
123,Maris: NB1=Grafted Monarch NB2=Fallingstar Beast,0,123,1008,1002,4910,4920,-1,-1,436,435,0,0
124,Maris: NB1=Grafted Monarch NB2=Fallingstar Beast,0,124,1000,1009,4910,4920,-1,-1,436,435,0,0
125,Maris: NB1=Grafted Monarch NB2=Fallingstar Beast,0,125,1007,1002,4910,4920,-1,-1,436,435,0,0
126,Maris: NB1=Grafted Monarch NB2=Fallingstar Beast,0,126,1003,1001,4910,4920,-1,-1,436,435,0,0
127,Maris: NB1=Grafted Monarch NB2=Fallingstar Beast,0,127,1008,1004,4910,4920,-1,-1,436,435,0,0
128,Maris: NB1=Grafted Monarch NB2=Fallingstar Beast,0,128,1009,1006,4910,4920,-1,-1,436,435,0,0
129,Maris: NB1=Grafted Monarch NB2=Fallingstar Beast,0,129,1010,1004,4910,4920,-1,-1,436,435,0,0
130,Maris: NB1=Grafted Monarch NB2=Fallingstar Beast,0,130,1004,1002,4910,4920,-1,-1,436,435,0,0
131,Maris: NB1=Grafted Monarch NB2=Fallingstar Beast,0,131,1010,1001,4910,4920,-1,-1,436,435,0,0
132,Maris: NB1=Grafted Monarch NB2=Fallingstar Beast,0,132,1001,1010,4910,4920,-1,-1,436,435,0,0
133,Maris: NB1=Grafted Monarch NB2=Fallingstar Beast,0,133,1008,1005,4910,4920,-1,-1,436,435,0,0
134,Maris: NB1=Grafted Monarch NB2=Fallingstar Beast,0,134,1007,1000,4910,4920,-1,-1,436,435,0,0
135,Maris: NB1=Grafted Monarch NB2=Fallingstar Beast,0,135,1004,1011,4910,4920,-1,-1,436,435,0,0
136,Maris: NB1=Grafted Monarch NB2=Fallingstar Beast,0,136,1002,1005,4910,4920,-1,-1,436,435,0,0
137,Maris: NB1=Grafted Monarch NB2=Fallingstar Beast,0,137,1011,1004,4910,4920,-1,-1,436,435,0,0
138,Maris: NB1=Grafted Monarch NB2=Fallingstar Beast,0,138,1011,1006,4910,4920,-1,-1,436,435,0,0
139,Maris: NB1=Grafted Monarch NB2=Fallingstar Beast,0,139,1005,1011,4910,4920,-1,-1,436,435,0,0
140,Maris: NB1=Grafted Monarch NB2=Fallingstar Beast,0,140,1000,1023,4910,4920,-1,-1,436,435,0,0
141,Maris: NB1=Grafted Monarch NB2=Fallingstar Beast,0,141,1010,1023,4910,4920,-1,-1,436,435,0,0
142,Maris: NB1=Grafted Monarch NB2=Fallingstar Beast,0,142,1010,1023,4910,4920,-1,-1,436,435,0,0
143,Maris: NB1=Grafted Monarch NB2=Fallingstar Beast,0,143,1010,1023,4910,4920,-1,-1,436,435,0,0
144,Maris: NB1=Grafted Monarch NB2=Fallingstar Beast,0,144,1009,1023,4910,4920,-1,-1,436,435,0,0
145,Maris: NB1=Grafted Monarch NB2=Fallingstar Beast,0,145,1010,1024,4910,4920,-1,-1,436,435,0,0
146,Maris: NB1=Grafted Monarch NB2=Fallingstar Beast,0,146,1001,1024,4910,4920,-1,-1,436,435,0,0
147,Maris: NB1=Grafted Monarch NB2=Fallingstar Beast,0,147,1003,1024,4910,4920,-1,-1,436,435,0,0
148,Maris: NB1=Grafted Monarch NB2=Fallingstar Beast,0,148,1011,1024,4910,4920,-1,-1,436,435,0,0
149,Maris: NB1=Grafted Monarch NB2=Fallingstar Beast,0,149,1001,1024,4910,4920,-1,-1,436,435,0,0
150,Maris: NB1=Grafted Monarch NB2=Fallingstar Beast,0,150,1006,1021,4910,4920,-1,-1,436,435,0,0
151,Maris: NB1=Grafted Monarch NB2=Fallingstar Beast,0,151,1001,1021,4910,4920,-1,-1,436,435,0,0
152,Maris: NB1=Grafted Monarch NB2=Fallingstar Beast,0,152,1001,1021,4910,4920,-1,-1,436,435,0,0
153,Maris: NB1=Grafted Monarch NB2=Fallingstar Beast,0,153,1006,1022,4910,4920,-1,-1,436,435,0,0
154,Maris: NB1=Grafted Monarch NB2=Fallingstar Beast,0,154,1001,1021,4910,4920,-1,-1,436,435,0,0
155,Maris: NB1=Grafted Monarch NB2=Fallingstar Beast,0,155,1011,1025,4910,4920,-1,-1,436,435,0,0
156,Maris: NB1=Grafted Monarch NB2=Fallingstar Beast,0,156,1001,1025,4910,4920,-1,-1,436,435,0,0
157,Maris: NB1=Grafted Monarch NB2=Fallingstar Beast,0,157,1011,1025,4910,4920,-1,-1,436,435,0,0
158,Maris: NB1=Grafted Monarch NB2=Fallingstar Beast,0,158,1001,1025,4910,4920,-1,-1,436,435,0,0
159,Maris: NB1=Grafted Monarch NB2=Fallingstar Beast,0,159,1001,1025,4910,4920,-1,-1,436,435,0,0
160,Libra: NB1=Tibia Mariner NB2=Death Rite Bird,0,160,1002,1008,4770,4921,-1,-1,437,443,0,0
161,Libra: NB1=Tibia Mariner NB2=Death Rite Bird,0,161,1004,1008,4770,4921,-1,-1,437,443,0,0
162,Libra: NB1=Tibia Mariner NB2=Death Rite Bird,0,162,1002,1009,4770,4921,-1,-1,437,443,0,0
163,Libra: NB1=Tibia Mariner NB2=Death Rite Bird,0,163,1008,1000,4770,4921,-1,-1,437,443,0,0
164,Libra: NB1=Tibia Mariner NB2=Death Rite Bird,0,164,1000,1009,4770,4921,-1,-1,437,443,0,0
165,Libra: NB1=Tibia Mariner NB2=Death Rite Bird,0,165,1002,1007,4770,4921,-1,-1,437,443,0,0
166,Libra: NB1=Tibia Mariner NB2=Death Rite Bird,0,166,1005,1011,4770,4921,-1,-1,437,443,0,0
167,Libra: NB1=Tibia Mariner NB2=Death Rite Bird,0,167,1010,1006,4770,4921,-1,-1,437,443,0,0
168,Libra: NB1=Tibia Mariner NB2=Death Rite Bird,0,168,1001,1008,4770,4921,-1,-1,437,443,0,0
169,Libra: NB1=Tibia Mariner NB2=Death Rite Bird,0,169,1003,1006,4770,4921,-1,-1,437,443,0,0
170,Libra: NB1=Tibia Mariner NB2=Death Rite Bird,0,170,1007,1000,4770,4921,-1,-1,437,443,0,0
171,Libra: NB1=Tibia Mariner NB2=Death Rite Bird,0,171,1001,1008,4770,4921,-1,-1,437,443,0,0
172,Libra: NB1=Tibia Mariner NB2=Death Rite Bird,0,172,1007,1011,4770,4921,-1,-1,437,443,0,0
173,Libra: NB1=Tibia Mariner NB2=Death Rite Bird,0,173,1004,1002,4770,4921,-1,-1,437,443,0,0
174,Libra: NB1=Tibia Mariner NB2=Death Rite Bird,0,174,1011,1001,4770,4921,-1,-1,437,443,0,0
175,Libra: NB1=Tibia Mariner NB2=Death Rite Bird,0,175,1003,1002,4770,4921,-1,-1,437,443,0,0
176,Libra: NB1=Tibia Mariner NB2=Death Rite Bird,0,176,1001,1004,4770,4921,-1,-1,437,443,0,0
177,Libra: NB1=Tibia Mariner NB2=Death Rite Bird,0,177,1011,1007,4770,4921,-1,-1,437,443,0,0
178,Libra: NB1=Tibia Mariner NB2=Death Rite Bird,0,178,1011,1004,4770,4921,-1,-1,437,443,0,0
179,Libra: NB1=Tibia Mariner NB2=Death Rite Bird,0,179,1011,1007,4770,4921,-1,-1,437,443,0,0
180,Libra: NB1=Tibia Mariner NB2=Death Rite Bird,0,180,1003,1023,4770,4921,-1,-1,437,443,0,0
181,Libra: NB1=Tibia Mariner NB2=Death Rite Bird,0,181,1010,1023,4770,4921,-1,-1,437,443,0,0
182,Libra: NB1=Tibia Mariner NB2=Death Rite Bird,0,182,1003,1023,4770,4921,-1,-1,437,443,0,0
183,Libra: NB1=Tibia Mariner NB2=Death Rite Bird,0,183,1003,1023,4770,4921,-1,-1,437,443,0,0
184,Libra: NB1=Tibia Mariner NB2=Death Rite Bird,0,184,1003,1023,4770,4921,-1,-1,437,443,0,0
185,Libra: NB1=Tibia Mariner NB2=Death Rite Bird,0,185,1001,1024,4770,4921,-1,-1,437,443,0,0
186,Libra: NB1=Tibia Mariner NB2=Death Rite Bird,0,186,1004,1024,4770,4921,-1,-1,437,443,0,0
187,Libra: NB1=Tibia Mariner NB2=Death Rite Bird,0,187,1004,1024,4770,4921,-1,-1,437,443,0,0
188,Libra: NB1=Tibia Mariner NB2=Death Rite Bird,0,188,1010,1024,4770,4921,-1,-1,437,443,0,0
189,Libra: NB1=Tibia Mariner NB2=Death Rite Bird,0,189,1005,1024,4770,4921,-1,-1,437,443,0,0
190,Libra: NB1=Tibia Mariner NB2=Death Rite Bird,0,190,1001,1021,4770,4921,-1,-1,437,443,0,0
191,Libra: NB1=Tibia Mariner NB2=Death Rite Bird,0,191,1008,1021,4770,4921,-1,-1,437,443,0,0
192,Libra: NB1=Tibia Mariner NB2=Death Rite Bird,0,192,1011,1021,4770,4921,-1,-1,437,443,0,0
193,Libra: NB1=Tibia Mariner NB2=Death Rite Bird,0,193,1002,1021,4770,4921,-1,-1,437,443,0,0
194,Libra: NB1=Tibia Mariner NB2=Death Rite Bird,0,194,1001,1021,4770,4921,-1,-1,437,443,0,0
195,Libra: NB1=Tibia Mariner NB2=Death Rite Bird,0,195,1002,1025,4770,4921,-1,-1,437,443,0,0
196,Libra: NB1=Tibia Mariner NB2=Death Rite Bird,0,196,1011,1025,4770,4921,-1,-1,437,443,0,0
197,Libra: NB1=Tibia Mariner NB2=Death Rite Bird,0,197,1001,1025,4770,4921,-1,-1,437,443,0,0
198,Libra: NB1=Tibia Mariner NB2=Death Rite Bird,0,198,1002,1025,4770,4921,-1,-1,437,443,0,0
199,Libra: NB1=Tibia Mariner NB2=Death Rite Bird,0,199,1011,1025,4770,4921,-1,-1,437,443,0,0
200,Fulghor: NB1=Centipede Demon (DS1) NB2=Nameless King (DS3),0,200,1010,1002,4790,4820,-1,-1,428,431,0,0
201,Fulghor: NB1=Centipede Demon (DS1) NB2=Nameless King (DS3),0,201,1001,1004,4790,4820,-1,-1,428,431,0,0
202,Fulghor: NB1=Centipede Demon (DS1) NB2=Nameless King (DS3),0,202,1002,1005,4790,4820,-1,-1,428,431,0,0
203,Fulghor: NB1=Centipede Demon (DS1) NB2=Nameless King (DS3),0,203,1008,1000,4790,4820,-1,-1,428,431,0,0
204,Fulghor: NB1=Centipede Demon (DS1) NB2=Nameless King (DS3),0,204,1007,1001,4790,4820,-1,-1,428,431,0,0
205,Fulghor: NB1=Centipede Demon (DS1) NB2=Nameless King (DS3),0,205,1000,1010,4790,4820,-1,-1,428,431,0,0
206,Fulghor: NB1=Centipede Demon (DS1) NB2=Nameless King (DS3),0,206,1007,1002,4790,4820,-1,-1,428,431,0,0
207,Fulghor: NB1=Centipede Demon (DS1) NB2=Nameless King (DS3),0,207,1006,1011,4790,4820,-1,-1,428,431,0,0
208,Fulghor: NB1=Centipede Demon (DS1) NB2=Nameless King (DS3),0,208,1010,1006,4790,4820,-1,-1,428,431,0,0
209,Fulghor: NB1=Centipede Demon (DS1) NB2=Nameless King (DS3),0,209,1000,1011,4790,4820,-1,4840,428,431,0,400
210,Fulghor: NB1=Centipede Demon (DS1) NB2=Nameless King (DS3),0,210,1010,1004,4790,4820,-1,-1,428,431,0,0
211,Fulghor: NB1=Centipede Demon (DS1) NB2=Nameless King (DS3),0,211,1000,1002,4790,4820,4917,-1,428,431,416,0
212,Fulghor: NB1=Centipede Demon (DS1) NB2=Nameless King (DS3),0,212,1003,1006,4790,4820,-1,-1,428,431,0,0
213,Fulghor: NB1=Centipede Demon (DS1) NB2=Nameless King (DS3),0,213,1005,1008,4790,4820,-1,-1,428,431,0,0
214,Fulghor: NB1=Centipede Demon (DS1) NB2=Nameless King (DS3),0,214,1007,1000,4790,4820,-1,-1,428,431,0,0
215,Fulghor: NB1=Centipede Demon (DS1) NB2=Nameless King (DS3),0,215,1002,1003,4790,4820,-1,-1,428,431,0,0
216,Fulghor: NB1=Centipede Demon (DS1) NB2=Nameless King (DS3),0,216,1008,1000,4790,4820,-1,-1,428,431,0,0
217,Fulghor: NB1=Centipede Demon (DS1) NB2=Nameless King (DS3),0,217,1002,1005,4790,4820,-1,-1,428,431,0,0
218,Fulghor: NB1=Centipede Demon (DS1) NB2=Nameless King (DS3),0,218,1004,1002,4790,4820,-1,-1,428,431,0,0
219,Fulghor: NB1=Centipede Demon (DS1) NB2=Nameless King (DS3),0,219,1001,1010,4790,4820,-1,-1,428,431,0,0
220,Fulghor: NB1=Centipede Demon (DS1) NB2=Nameless King (DS3),0,220,1009,1023,4790,4820,4924,-1,428,431,439,0
221,Fulghor: NB1=Centipede Demon (DS1) NB2=Nameless King (DS3),0,221,1010,1023,4790,4820,-1,-1,428,431,0,0
222,Fulghor: NB1=Centipede Demon (DS1) NB2=Nameless King (DS3),0,222,1000,1023,4790,4820,-1,-1,428,431,0,0
223,Fulghor: NB1=Centipede Demon (DS1) NB2=Nameless King (DS3),0,223,1009,1023,4790,4820,-1,-1,428,431,0,0
224,Fulghor: NB1=Centipede Demon (DS1) NB2=Nameless King (DS3),0,224,1000,1023,4790,4820,-1,-1,428,431,0,0
225,Fulghor: NB1=Centipede Demon (DS1) NB2=Nameless King (DS3),0,225,1003,1024,4790,4820,-1,-1,428,431,0,0
226,Fulghor: NB1=Centipede Demon (DS1) NB2=Nameless King (DS3),0,226,1005,1024,4790,4820,-1,-1,428,431,0,0
227,Fulghor: NB1=Centipede Demon (DS1) NB2=Nameless King (DS3),0,227,1007,1024,4790,4820,-1,-1,428,431,0,0
228,Fulghor: NB1=Centipede Demon (DS1) NB2=Nameless King (DS3),0,228,1007,1024,4790,4820,-1,-1,428,431,0,0
229,Fulghor: NB1=Centipede Demon (DS1) NB2=Nameless King (DS3),0,229,1005,1024,4790,4820,-1,-1,428,431,0,0
230,Fulghor: NB1=Centipede Demon (DS1) NB2=Nameless King (DS3),0,230,1002,1022,4790,4820,-1,-1,428,431,0,0
231,Fulghor: NB1=Centipede Demon (DS1) NB2=Nameless King (DS3),0,231,1000,1021,4790,4820,-1,-1,428,431,0,0
232,Fulghor: NB1=Centipede Demon (DS1) NB2=Nameless King (DS3),0,232,1006,1021,4790,4820,-1,-1,428,431,0,0
233,Fulghor: NB1=Centipede Demon (DS1) NB2=Nameless King (DS3),0,233,1006,1021,4790,4820,-1,-1,428,431,0,0
234,Fulghor: NB1=Centipede Demon (DS1) NB2=Nameless King (DS3),0,234,1008,1021,4790,4820,-1,4830,428,431,0,432
235,Fulghor: NB1=Centipede Demon (DS1) NB2=Nameless King (DS3),0,235,1002,1025,4790,4820,-1,-1,428,431,0,0
236,Fulghor: NB1=Centipede Demon (DS1) NB2=Nameless King (DS3),0,236,1001,1025,4790,4820,-1,-1,428,431,0,0
237,Fulghor: NB1=Centipede Demon (DS1) NB2=Nameless King (DS3),0,237,1011,1025,4790,4820,-1,-1,428,431,0,0
238,Fulghor: NB1=Centipede Demon (DS1) NB2=Nameless King (DS3),0,238,1001,1025,4790,4820,-1,-1,428,431,0,0
239,Fulghor: NB1=Centipede Demon (DS1) NB2=Nameless King (DS3),0,239,1011,1025,4790,4820,-1,-1,428,431,0,0
240,Caligo: NB1=Duke's Dear Freja (DS2) NB2=Dancer of the Boreal Valley (DS3),0,240,1004,1011,4800,4830,-1,-1,429,432,0,0
241,Caligo: NB1=Duke's Dear Freja (DS2) NB2=Dancer of the Boreal Valley (DS3),0,241,1000,1010,4800,4830,-1,-1,429,432,0,0
242,Caligo: NB1=Duke's Dear Freja (DS2) NB2=Dancer of the Boreal Valley (DS3),0,242,1007,1002,4800,4830,-1,-1,429,432,0,0
243,Caligo: NB1=Duke's Dear Freja (DS2) NB2=Dancer of the Boreal Valley (DS3),0,243,1009,1000,4800,4830,-1,-1,429,432,0,0
244,Caligo: NB1=Duke's Dear Freja (DS2) NB2=Dancer of the Boreal Valley (DS3),0,244,1005,1011,4800,4830,-1,-1,429,432,0,0
245,Caligo: NB1=Duke's Dear Freja (DS2) NB2=Dancer of the Boreal Valley (DS3),0,245,1002,1006,4800,4830,-1,-1,429,432,0,0
246,Caligo: NB1=Duke's Dear Freja (DS2) NB2=Dancer of the Boreal Valley (DS3),0,246,1002,1005,4800,4830,-1,-1,429,432,0,0
247,Caligo: NB1=Duke's Dear Freja (DS2) NB2=Dancer of the Boreal Valley (DS3),0,247,1001,1011,4800,4830,-1,-1,429,432,0,0
248,Caligo: NB1=Duke's Dear Freja (DS2) NB2=Dancer of the Boreal Valley (DS3),0,248,1011,1006,4800,4830,-1,-1,429,432,0,0
249,Caligo: NB1=Duke's Dear Freja (DS2) NB2=Dancer of the Boreal Valley (DS3),0,249,1003,1006,4800,4830,-1,-1,429,432,0,0
250,Caligo: NB1=Duke's Dear Freja (DS2) NB2=Dancer of the Boreal Valley (DS3),0,250,1005,1011,4800,4830,-1,-1,429,432,0,0
251,Caligo: NB1=Duke's Dear Freja (DS2) NB2=Dancer of the Boreal Valley (DS3),0,251,1007,1000,4800,4830,-1,-1,429,432,0,0
252,Caligo: NB1=Duke's Dear Freja (DS2) NB2=Dancer of the Boreal Valley (DS3),0,252,1005,1011,4800,4830,-1,-1,429,432,0,0
253,Caligo: NB1=Duke's Dear Freja (DS2) NB2=Dancer of the Boreal Valley (DS3),0,253,1002,1009,4800,4830,-1,-1,429,432,0,0
254,Caligo: NB1=Duke's Dear Freja (DS2) NB2=Dancer of the Boreal Valley (DS3),0,254,1003,1011,4800,4830,-1,-1,429,432,0,0
255,Caligo: NB1=Duke's Dear Freja (DS2) NB2=Dancer of the Boreal Valley (DS3),0,255,1002,1006,4800,4830,-1,-1,429,432,0,0
256,Caligo: NB1=Duke's Dear Freja (DS2) NB2=Dancer of the Boreal Valley (DS3),0,256,1005,1008,4800,4830,-1,-1,429,432,0,0
257,Caligo: NB1=Duke's Dear Freja (DS2) NB2=Dancer of the Boreal Valley (DS3),0,257,1002,1004,4800,4830,-1,-1,429,432,0,0
258,Caligo: NB1=Duke's Dear Freja (DS2) NB2=Dancer of the Boreal Valley (DS3),0,258,1011,1003,4800,4830,-1,-1,429,432,0,0
259,Caligo: NB1=Duke's Dear Freja (DS2) NB2=Dancer of the Boreal Valley (DS3),0,259,1011,1009,4800,4830,-1,-1,429,432,0,0
260,Caligo: NB1=Duke's Dear Freja (DS2) NB2=Dancer of the Boreal Valley (DS3),0,260,1009,1023,4800,4830,-1,-1,429,432,0,0
261,Caligo: NB1=Duke's Dear Freja (DS2) NB2=Dancer of the Boreal Valley (DS3),0,261,1003,1023,4800,4830,-1,-1,429,432,0,0
262,Caligo: NB1=Duke's Dear Freja (DS2) NB2=Dancer of the Boreal Valley (DS3),0,262,1010,1023,4800,4830,-1,-1,429,432,0,0
263,Caligo: NB1=Duke's Dear Freja (DS2) NB2=Dancer of the Boreal Valley (DS3),0,263,1011,1023,4800,4830,-1,-1,429,432,0,0
264,Caligo: NB1=Duke's Dear Freja (DS2) NB2=Dancer of the Boreal Valley (DS3),0,264,1000,1023,4800,4830,-1,-1,429,432,0,0
265,Caligo: NB1=Duke's Dear Freja (DS2) NB2=Dancer of the Boreal Valley (DS3),0,265,1003,1024,4800,4830,-1,-1,429,432,0,0
266,Caligo: NB1=Duke's Dear Freja (DS2) NB2=Dancer of the Boreal Valley (DS3),0,266,1001,1024,4800,4830,-1,-1,429,432,0,0
267,Caligo: NB1=Duke's Dear Freja (DS2) NB2=Dancer of the Boreal Valley (DS3),0,267,1003,1024,4800,4830,-1,-1,429,432,0,0
268,Caligo: NB1=Duke's Dear Freja (DS2) NB2=Dancer of the Boreal Valley (DS3),0,268,1003,1024,4800,4830,-1,-1,429,432,0,0
269,Caligo: NB1=Duke's Dear Freja (DS2) NB2=Dancer of the Boreal Valley (DS3),0,269,1011,1024,4800,4830,-1,-1,429,432,0,0
270,Caligo: NB1=Duke's Dear Freja (DS2) NB2=Dancer of the Boreal Valley (DS3),0,270,1004,1022,4800,4830,-1,-1,429,432,0,0
271,Caligo: NB1=Duke's Dear Freja (DS2) NB2=Dancer of the Boreal Valley (DS3),0,271,1006,1021,4800,4830,-1,-1,429,432,0,0
272,Caligo: NB1=Duke's Dear Freja (DS2) NB2=Dancer of the Boreal Valley (DS3),0,272,1004,1022,4800,4830,-1,-1,429,432,0,0
273,Caligo: NB1=Duke's Dear Freja (DS2) NB2=Dancer of the Boreal Valley (DS3),0,273,1008,1022,4800,4830,-1,-1,429,432,0,0
274,Caligo: NB1=Duke's Dear Freja (DS2) NB2=Dancer of the Boreal Valley (DS3),0,274,1004,1022,4800,4830,-1,-1,429,432,0,0
275,Caligo: NB1=Duke's Dear Freja (DS2) NB2=Dancer of the Boreal Valley (DS3),0,275,1002,1025,4800,4830,-1,-1,429,432,0,0
276,Caligo: NB1=Duke's Dear Freja (DS2) NB2=Dancer of the Boreal Valley (DS3),0,276,1011,1025,4800,4830,-1,-1,429,432,0,0
277,Caligo: NB1=Duke's Dear Freja (DS2) NB2=Dancer of the Boreal Valley (DS3),0,277,1011,1025,4800,4830,-1,-1,429,432,0,0
278,Caligo: NB1=Duke's Dear Freja (DS2) NB2=Dancer of the Boreal Valley (DS3),0,278,1011,1025,4800,4830,-1,-1,429,432,0,0
279,Caligo: NB1=Duke's Dear Freja (DS2) NB2=Dancer of the Boreal Valley (DS3),0,279,1011,1025,4800,4830,-1,-1,429,432,0,0
280,Heolstor: NB1=Royal Revenant NB2=Outland Commander,0,280,1001,1009,4930,4926,-1,-1,406,449,0,0
281,Heolstor: NB1=Royal Revenant NB2=Outland Commander,0,281,1010,1001,4930,4926,-1,-1,406,449,0,0
282,Heolstor: NB1=Royal Revenant NB2=Outland Commander,0,282,1003,1006,4930,4926,-1,-1,406,449,0,0
283,Heolstor: NB1=Royal Revenant NB2=Outland Commander,0,283,1000,1007,4930,4926,-1,-1,406,449,0,0
284,Heolstor: NB1=Royal Revenant NB2=Outland Commander,0,284,1004,1010,4930,4926,-1,-1,406,449,0,0
285,Heolstor: NB1=Royal Revenant NB2=Outland Commander,0,285,1002,1004,4930,4926,-1,-1,406,449,0,0
286,Heolstor: NB1=Royal Revenant NB2=Outland Commander,0,286,1002,1005,4930,4926,-1,-1,406,449,0,0
287,Heolstor: NB1=Royal Revenant NB2=Outland Commander,0,287,1003,1002,4930,4926,-1,-1,406,449,0,0
288,Heolstor: NB1=Royal Revenant NB2=Outland Commander,0,288,1003,1002,4930,4926,-1,-1,406,449,0,0
289,Heolstor: NB1=Royal Revenant NB2=Outland Commander,0,289,1001,1007,4930,4926,-1,-1,406,449,0,0
290,Heolstor: NB1=Royal Revenant NB2=Outland Commander,0,290,1011,1004,4930,4926,-1,-1,406,449,0,0
291,Heolstor: NB1=Royal Revenant NB2=Outland Commander,0,291,1003,1001,4930,4926,-1,-1,406,449,0,0
292,Heolstor: NB1=Royal Revenant NB2=Outland Commander,0,292,1006,1009,4930,4926,-1,-1,406,449,0,0
293,Heolstor: NB1=Royal Revenant NB2=Outland Commander,0,293,1009,1008,4930,4926,-1,-1,406,449,0,0
294,Heolstor: NB1=Royal Revenant NB2=Outland Commander,0,294,1002,1006,4930,4926,-1,-1,406,449,0,0
295,Heolstor: NB1=Royal Revenant NB2=Outland Commander,0,295,1003,1011,4930,4926,-1,-1,406,449,0,0
296,Heolstor: NB1=Royal Revenant NB2=Outland Commander,0,296,1002,1011,4930,4926,-1,-1,406,449,0,0
297,Heolstor: NB1=Royal Revenant NB2=Outland Commander,0,297,1009,1001,4930,4926,-1,-1,406,449,0,0
298,Heolstor: NB1=Royal Revenant NB2=Outland Commander,0,298,1009,1006,4930,4926,-1,-1,406,449,0,0
299,Heolstor: NB1=Royal Revenant NB2=Outland Commander,0,299,1010,1000,4930,4926,-1,-1,406,449,0,0
300,Heolstor: NB1=Royal Revenant NB2=Outland Commander,0,300,1009,1023,4930,4926,-1,-1,406,449,0,0
301,Heolstor: NB1=Royal Revenant NB2=Outland Commander,0,301,1009,1023,4930,4926,-1,-1,406,449,0,0
302,Heolstor: NB1=Royal Revenant NB2=Outland Commander,0,302,1011,1023,4930,4926,-1,-1,406,449,0,0
303,Heolstor: NB1=Royal Revenant NB2=Outland Commander,0,303,1010,1023,4930,4926,-1,-1,406,449,0,0
304,Heolstor: NB1=Royal Revenant NB2=Outland Commander,0,304,1000,1023,4930,4926,-1,-1,406,449,0,0
305,Heolstor: NB1=Royal Revenant NB2=Outland Commander,0,305,1010,1024,4930,4926,-1,-1,406,449,0,0
306,Heolstor: NB1=Royal Revenant NB2=Outland Commander,0,306,1009,1024,4930,4926,-1,-1,406,449,0,0
307,Heolstor: NB1=Royal Revenant NB2=Outland Commander,0,307,1003,1024,4930,4926,-1,-1,406,449,0,0
308,Heolstor: NB1=Royal Revenant NB2=Outland Commander,0,308,1001,1024,4930,4926,-1,-1,406,449,0,0
309,Heolstor: NB1=Royal Revenant NB2=Outland Commander,0,309,1007,1024,4930,4926,-1,-1,406,449,0,0
310,Heolstor: NB1=Royal Revenant NB2=Outland Commander,0,310,1000,1022,4930,4926,-1,-1,406,449,0,0
311,Heolstor: NB1=Royal Revenant NB2=Outland Commander,0,311,1001,1021,4930,4926,-1,-1,406,449,0,0
312,Heolstor: NB1=Royal Revenant NB2=Outland Commander,0,312,1000,1021,4930,4926,-1,-1,406,449,0,0
313,Heolstor: NB1=Royal Revenant NB2=Outland Commander,0,313,1003,1022,4930,4926,-1,-1,406,449,0,0
314,Heolstor: NB1=Royal Revenant NB2=Outland Commander,0,314,1008,1021,4930,4926,-1,-1,406,449,0,0
315,Heolstor: NB1=Royal Revenant NB2=Outland Commander,0,315,1011,1025,4930,4926,-1,-1,406,449,0,0
316,Heolstor: NB1=Royal Revenant NB2=Outland Commander,0,316,1011,1025,4930,4926,-1,-1,406,449,0,0
317,Heolstor: NB1=Royal Revenant NB2=Outland Commander,0,317,1002,1025,4930,4926,-1,-1,406,449,0,0
318,Heolstor: NB1=Royal Revenant NB2=Outland Commander,0,318,1011,1025,4930,4926,-1,-1,406,449,0,0
319,Heolstor: NB1=Royal Revenant NB2=Outland Commander,0,319,1001,1025,4930,4926,-1,-1,406,449,0,0
1000,Gladius: NB1=Demi-Human Queen + Swordmaster NB2=Morgott,1,1000,1000,1001,4929,4840,-1,-1,444,400,0,0
1001,Gladius: NB1=Demi-Human Queen + Swordmaster NB2=Morgott,0,1001,1011,1005,4929,4840,-1,-1,444,400,0,0
1002,Gladius: NB1=Demi-Human Queen + Swordmaster NB2=Morgott,0,1002,1009,1001,4929,4840,-1,-1,444,400,0,0
1003,Gladius: NB1=Demi-Human Queen + Swordmaster NB2=Morgott,0,1003,1002,1006,4929,4840,-1,-1,444,400,0,0
1004,Gladius: NB1=Demi-Human Queen + Swordmaster NB2=Morgott,0,1004,1011,1006,4929,4840,-1,-1,444,400,0,0
1005,Gladius: NB1=Demi-Human Queen + Swordmaster NB2=Morgott,0,1005,11002,12000,4929,4840,-1,-1,444,400,0,0
1006,Gladius: NB1=Demi-Human Queen + Swordmaster NB2=Morgott,0,1006,11001,12000,4929,4840,-1,-1,444,400,0,0
1007,Gladius: NB1=Demi-Human Queen + Swordmaster NB2=Morgott,0,1007,11000,12001,4929,4840,-1,-1,444,400,0,0
1008,Gladius: NB1=Demi-Human Queen + Swordmaster NB2=Morgott,0,1008,11002,12001,4929,4840,4910,-1,444,400,0,0
1009,Gladius: NB1=Demi-Human Queen + Swordmaster NB2=Morgott,0,1009,11001,12000,4929,4840,-1,-1,444,400,0,0
1010,Adel: NB1=Gaping Dragon (DS1) NB2=Ancient Dragon,0,1010,1002,1004,4780,4919,-1,-1,427,445,0,0
1011,Adel: NB1=Gaping Dragon (DS1) NB2=Ancient Dragon,0,1011,1007,1001,4780,4919,-1,-1,427,445,0,0
1012,Adel: NB1=Gaping Dragon (DS1) NB2=Ancient Dragon,0,1012,1000,1002,4780,4919,-1,-1,427,445,0,0
1013,Adel: NB1=Gaping Dragon (DS1) NB2=Ancient Dragon,0,1013,1011,1003,4780,4919,-1,-1,427,445,0,0
1014,Adel: NB1=Gaping Dragon (DS1) NB2=Ancient Dragon,0,1014,1008,1003,4780,4919,-1,-1,427,445,0,0
1015,Adel: NB1=Gaping Dragon (DS1) NB2=Ancient Dragon,0,1015,11000,12000,4780,4919,-1,-1,427,445,0,0
1016,Adel: NB1=Gaping Dragon (DS1) NB2=Ancient Dragon,0,1016,11000,12001,4780,4919,4927,-1,427,445,448,0
1017,Adel: NB1=Gaping Dragon (DS1) NB2=Ancient Dragon,0,1017,11002,12001,4780,4919,-1,-1,427,445,0,0
1018,Adel: NB1=Gaping Dragon (DS1) NB2=Ancient Dragon,0,1018,11002,12000,4780,4919,-1,-1,427,445,0,0
1019,Adel: NB1=Gaping Dragon (DS1) NB2=Ancient Dragon,0,1019,11001,12001,4780,4919,-1,-1,427,445,0,0
1020,Gnoster: NB1=Smelter Demon (DS2) NB2=Great Wyrm Theodorix (Magma Wyrm),0,1020,1010,1006,4810,4918,-1,-1,430,418,0,0
1021,Gnoster: NB1=Smelter Demon (DS2) NB2=Great Wyrm Theodorix (Magma Wyrm),0,1021,1009,1006,4810,4918,-1,-1,430,418,0,0
1022,Gnoster: NB1=Smelter Demon (DS2) NB2=Great Wyrm Theodorix (Magma Wyrm),0,1022,1000,1007,4810,4918,-1,-1,430,418,0,0
1023,Gnoster: NB1=Smelter Demon (DS2) NB2=Great Wyrm Theodorix (Magma Wyrm),0,1023,1010,1006,4810,4918,-1,-1,430,418,0,0
1024,Gnoster: NB1=Smelter Demon (DS2) NB2=Great Wyrm Theodorix (Magma Wyrm),0,1024,1002,1007,4810,4918,-1,-1,430,418,0,0
1025,Gnoster: NB1=Smelter Demon (DS2) NB2=Great Wyrm Theodorix (Magma Wyrm),0,1025,11002,12000,4810,4918,-1,-1,430,418,0,0
1026,Gnoster: NB1=Smelter Demon (DS2) NB2=Great Wyrm Theodorix (Magma Wyrm),0,1026,11000,12000,4810,4918,-1,-1,430,418,0,0
1027,Gnoster: NB1=Smelter Demon (DS2) NB2=Great Wyrm Theodorix (Magma Wyrm),0,1027,11000,12000,4810,4918,-1,-1,430,418,0,0
1028,Gnoster: NB1=Smelter Demon (DS2) NB2=Great Wyrm Theodorix (Magma Wyrm),0,1028,11001,12001,4810,4918,-1,-1,430,418,0,0
1029,Gnoster: NB1=Smelter Demon (DS2) NB2=Great Wyrm Theodorix (Magma Wyrm),0,1029,11002,12001,4810,4918,-1,-1,430,418,0,0
1030,Maris: NB1=Grafted Monarch NB2=Fallingstar Beast,0,1030,1007,1011,4910,4920,-1,-1,436,435,0,0
1031,Maris: NB1=Grafted Monarch NB2=Fallingstar Beast,0,1031,1006,1011,4910,4920,-1,-1,436,435,0,0
1032,Maris: NB1=Grafted Monarch NB2=Fallingstar Beast,0,1032,1010,1000,4910,4920,-1,-1,436,435,0,0
1033,Maris: NB1=Grafted Monarch NB2=Fallingstar Beast,0,1033,1003,1008,4910,4920,-1,-1,436,435,0,0
1034,Maris: NB1=Grafted Monarch NB2=Fallingstar Beast,0,1034,1000,1007,4910,4920,-1,-1,436,435,0,0
1035,Maris: NB1=Grafted Monarch NB2=Fallingstar Beast,0,1035,11000,12001,4910,4920,-1,4850,436,435,0,0
1036,Maris: NB1=Grafted Monarch NB2=Fallingstar Beast,0,1036,11002,12001,4910,4920,-1,-1,436,435,0,0
1037,Maris: NB1=Grafted Monarch NB2=Fallingstar Beast,0,1037,11001,12000,4910,4920,-1,-1,436,435,0,0
1038,Maris: NB1=Grafted Monarch NB2=Fallingstar Beast,0,1038,11002,12001,4910,4920,-1,-1,436,435,0,0
1039,Maris: NB1=Grafted Monarch NB2=Fallingstar Beast,0,1039,11001,12000,4910,4920,-1,-1,436,435,0,0
1040,Libra: NB1=Tibia Mariner NB2=Death Rite Bird,0,1040,1010,1006,4770,4921,-1,-1,437,443,0,0
1041,Libra: NB1=Tibia Mariner NB2=Death Rite Bird,0,1041,1010,1006,4770,4921,-1,-1,437,443,0,0
1042,Libra: NB1=Tibia Mariner NB2=Death Rite Bird,0,1042,1005,1002,4770,4921,-1,-1,437,443,0,0
1043,Libra: NB1=Tibia Mariner NB2=Death Rite Bird,0,1043,1002,1007,4770,4921,-1,-1,437,443,0,0
1044,Libra: NB1=Tibia Mariner NB2=Death Rite Bird,0,1044,1011,1009,4770,4921,-1,-1,437,443,0,0
1045,Libra: NB1=Tibia Mariner NB2=Death Rite Bird,0,1045,11000,12001,4770,4921,-1,-1,437,443,0,0
1046,Libra: NB1=Tibia Mariner NB2=Death Rite Bird,0,1046,11002,12000,4770,4921,-1,-1,437,443,0,0
1047,Libra: NB1=Tibia Mariner NB2=Death Rite Bird,0,1047,11001,12001,4770,4921,-1,-1,437,443,0,0
1048,Libra: NB1=Tibia Mariner NB2=Death Rite Bird,0,1048,11000,12000,4770,4921,-1,-1,437,443,0,0
1049,Libra: NB1=Tibia Mariner NB2=Death Rite Bird,0,1049,11001,12000,4770,4921,-1,-1,437,443,0,0
1050,Fulghor: NB1=Centipede Demon (DS1) NB2=Nameless King (DS3),0,1050,1005,1011,4790,4820,-1,-1,428,431,0,0
1051,Fulghor: NB1=Centipede Demon (DS1) NB2=Nameless King (DS3),0,1051,1011,1007,4790,4820,-1,-1,428,431,0,0
1052,Fulghor: NB1=Centipede Demon (DS1) NB2=Nameless King (DS3),0,1052,1011,1007,4790,4820,-1,-1,428,431,0,0
1053,Fulghor: NB1=Centipede Demon (DS1) NB2=Nameless King (DS3),0,1053,1001,1003,4790,4820,-1,-1,428,431,0,0
1054,Fulghor: NB1=Centipede Demon (DS1) NB2=Nameless King (DS3),0,1054,1002,1009,4790,4820,-1,-1,428,431,0,0
1055,Fulghor: NB1=Centipede Demon (DS1) NB2=Nameless King (DS3),0,1055,11000,12000,4790,4820,-1,-1,428,431,0,0
1056,Fulghor: NB1=Centipede Demon (DS1) NB2=Nameless King (DS3),0,1056,11002,12001,4790,4820,-1,-1,428,431,0,0
1057,Fulghor: NB1=Centipede Demon (DS1) NB2=Nameless King (DS3),0,1057,11001,12000,4790,4820,-1,-1,428,431,0,0
1058,Fulghor: NB1=Centipede Demon (DS1) NB2=Nameless King (DS3),0,1058,11002,12001,4790,4820,-1,-1,428,431,0,0
1059,Fulghor: NB1=Centipede Demon (DS1) NB2=Nameless King (DS3),0,1059,11001,12001,4790,4820,-1,4840,428,431,0,400
1060,Caligo: NB1=Duke's Dear Freja (DS2) NB2=Dancer of the Boreal Valley (DS3),0,1060,1003,1010,4800,4830,-1,-1,429,432,0,0
1061,Caligo: NB1=Duke's Dear Freja (DS2) NB2=Dancer of the Boreal Valley (DS3),0,1061,1005,1002,4800,4830,-1,-1,429,432,0,0
1062,Caligo: NB1=Duke's Dear Freja (DS2) NB2=Dancer of the Boreal Valley (DS3),0,1062,1002,1005,4800,4830,-1,-1,429,432,0,0
1063,Caligo: NB1=Duke's Dear Freja (DS2) NB2=Dancer of the Boreal Valley (DS3),0,1063,1003,1010,4800,4830,-1,-1,429,432,0,0
1064,Caligo: NB1=Duke's Dear Freja (DS2) NB2=Dancer of the Boreal Valley (DS3),0,1064,1011,1004,4800,4830,-1,-1,429,432,0,0
1065,Caligo: NB1=Duke's Dear Freja (DS2) NB2=Dancer of the Boreal Valley (DS3),0,1065,11002,12000,4800,4830,-1,4820,429,432,0,0
1066,Caligo: NB1=Duke's Dear Freja (DS2) NB2=Dancer of the Boreal Valley (DS3),0,1066,11000,12000,4800,4830,-1,-1,429,432,0,0
1067,Caligo: NB1=Duke's Dear Freja (DS2) NB2=Dancer of the Boreal Valley (DS3),0,1067,11002,12000,4800,4830,-1,-1,429,432,0,0
1068,Caligo: NB1=Duke's Dear Freja (DS2) NB2=Dancer of the Boreal Valley (DS3),0,1068,11001,12001,4800,4830,-1,-1,429,432,0,0
1069,Caligo: NB1=Duke's Dear Freja (DS2) NB2=Dancer of the Boreal Valley (DS3),0,1069,11001,12001,4800,4830,-1,-1,429,432,0,0
1070,Heolstor: NB1=Royal Revenant NB2=Outland Commander,0,1070,1007,1000,4930,4926,-1,-1,406,449,0,0
1071,Heolstor: NB1=Royal Revenant NB2=Outland Commander,0,1071,1008,1001,4930,4926,-1,-1,406,449,0,0
1072,Heolstor: NB1=Royal Revenant NB2=Outland Commander,0,1072,1008,1002,4930,4926,-1,-1,406,449,0,0
1073,Heolstor: NB1=Royal Revenant NB2=Outland Commander,0,1073,1011,1005,4930,4926,-1,-1,406,449,0,0
1074,Heolstor: NB1=Royal Revenant NB2=Outland Commander,0,1074,1004,1011,4930,4926,-1,-1,406,449,0,0
1075,Heolstor: NB1=Royal Revenant NB2=Outland Commander,0,1075,11001,12000,4930,4926,-1,-1,406,449,0,0
1076,Heolstor: NB1=Royal Revenant NB2=Outland Commander,0,1076,11001,12000,4930,4926,-1,-1,406,449,0,0
1077,Heolstor: NB1=Royal Revenant NB2=Outland Commander,0,1077,11002,12000,4930,4926,-1,-1,406,449,0,0
1078,Heolstor: NB1=Royal Revenant NB2=Outland Commander,0,1078,11001,12001,4930,4926,-1,4919,406,449,0,0
1079,Heolstor: NB1=Royal Revenant NB2=Outland Commander,0,1079,11000,12001,4930,4926,-1,-1,406,449,0,0
