NpcParam_ID,Name,field,intended_value(MMV),current_value(mod)
20410056,Kindred of Rot Larva,chaosMatchingCorrectParamId,0,7700
21000052,Black Knife Assassin (Ordina),chaosMatchingCorrectParamId,0,7730
21000735,Black Knife Assassin (Boss),chaosMatchingCorrectParamId,0,7730
21000820,Black Knife Assassin (Boss),chaosMatchingCorrectParamId,0,7730
21000830,Black Knife Assassin (Boss),chaosMatchingCorrectParamId,0,7730
21000930,Black Knife Assassin (Boss),chaosMatchingCorrectParamId,0,7730
21001000,Black Knife Assassin (Unscaled),chaosMatchingCorrectParamId,0,7730
21001010,Black Knife Assassin (Limgrave Catacombs Boss),chaosMatchingCorrectParamId,0,7730
21002000,Black Knife Assassin (Unscaled),chaosMatchingCorrectParamId,0,7730
21002922,Alecto- Black Knife Ringleader,chaosMatchingCorrectParamId,0,7730
21009000,Black Knife Assassin (Unscaled),chaosMatchingCorrectParamId,0,7730
21009020,Black Knife Assassin (Liurnia Catacombs Boss),chaosMatchingCorrectParamId,0,7730
21300014,Margit- the Fell Omen,chaosMatchingCorrectParamId,0,7750
21300534,Morgott- the Omen King,chaosMatchingCorrectParamId,0,7750
21400012,Omen,chaosMatchingCorrectParamId,0,7730
21400034,Omen (Leyndell),chaosMatchingCorrectParamId,0,7730
21400090,Omen,chaosMatchingCorrectParamId,0,7730
21401130,Omen,chaosMatchingCorrectParamId,0,7730
21401135,Omen,chaosMatchingCorrectParamId,0,7730
21401335,Omen,chaosMatchingCorrectParamId,0,7730
21403050,Fell Twin,chaosMatchingCorrectParamId,0,7730
21403150,Fell Twin,chaosMatchingCorrectParamId,0,7730
22700012,Giant Crab,chaosMatchingCorrectParamId,0,7710
22700030,Giant Crab,chaosMatchingCorrectParamId,0,7710
22700032,Giant Crab,chaosMatchingCorrectParamId,0,7710
22700033,Giant Crab,chaosMatchingCorrectParamId,0,7710
22700210,Giant Crab,chaosMatchingCorrectParamId,0,7710
22710032,Crab,chaosMatchingCorrectParamId,0,7700
22710033,Crab,chaosMatchingCorrectParamId,0,7700
22710060,Crab (Ainsel River),chaosMatchingCorrectParamId,0,7700
22769000,Giant Death Crab,chaosMatchingCorrectParamId,0,7740
25000034,Crucible Knight (Leyndell),chaosMatchingCorrectParamId,0,7750
25000042,Crucible Knight (Boss),chaosMatchingCorrectParamId,0,7750
25000065,Crucible Knight,chaosMatchingCorrectParamId,0,7750
25000933,Crucible Knight Ordovis,chaosMatchingCorrectParamId,0,7750
25000941,Crucible Knight (Redmane Boss),chaosMatchingCorrectParamId,0,7750
25001065,Crucible Knight,chaosMatchingCorrectParamId,0,7750
25001066,Crucible Knight Siluria,chaosMatchingCorrectParamId,0,7750
25001933,Crucible Knight Ordovis (Auriza Boss),chaosMatchingCorrectParamId,0,7750
25006020,Crucible Knight (Boss),chaosMatchingCorrectParamId,0,7750
25006120,Crucible Knight (Boss),chaosMatchingCorrectParamId,0,7750
25007020,Crucible Knight (Boss),chaosMatchingCorrectParamId,0,7750
25007120,Crucible Knight (Boss),chaosMatchingCorrectParamId,0,7750
25008000,Crucible Knight,chaosMatchingCorrectParamId,0,7750
30000006,Exile Soldier,chaosMatchingCorrectParamId,0,7710
30000034,Exile Soldier (Leyndell),chaosMatchingCorrectParamId,0,7710
30000106,Exile Soldier,chaosMatchingCorrectParamId,0,7710
30000134,Exile Soldier (Leyndell),chaosMatchingCorrectParamId,0,7710
30000834,Exile Soldier (Leyndell),chaosMatchingCorrectParamId,0,7710
30001034,Exile Soldier (Leyndell),chaosMatchingCorrectParamId,0,7710
30002034,Exile Soldier (Leyndell),chaosMatchingCorrectParamId,0,7710
30003034,Exile Soldier (Leyndell),chaosMatchingCorrectParamId,0,7710
30004107,Mausoleum Exile Soldier,chaosMatchingCorrectParamId,0,7710
30004251,Mausoleum Exile Soldier,chaosMatchingCorrectParamId,0,7710
30007051,Mausoleum Exile Soldier,chaosMatchingCorrectParamId,0,7710
30008040,Exile Soldier (Boss),chaosMatchingCorrectParamId,0,7710
30100034,Banished Knight (Leyndell),chaosMatchingCorrectParamId,0,7730
30100134,Banished Knight (Leyndell),chaosMatchingCorrectParamId,0,7730
30100234,Banished Knight (Leyndell),chaosMatchingCorrectParamId,0,7730
30100651,Mausoleum Banished Knight,chaosMatchingCorrectParamId,0,7730
30101034,Banished Knight (Leyndell),chaosMatchingCorrectParamId,0,7730
30101134,Banished Knight (Leyndell),chaosMatchingCorrectParamId,0,7730
30101140,Banished Knight,chaosMatchingCorrectParamId,0,7730
30101234,Banished Knight (Leyndell),chaosMatchingCorrectParamId,0,7730
30102034,Banished Knight (Leyndell),chaosMatchingCorrectParamId,0,7730
30102134,Banished Knight (Leyndell),chaosMatchingCorrectParamId,0,7730
30102234,Banished Knight (Leyndell),chaosMatchingCorrectParamId,0,7730
30102451,Mausoleum Banished Knight,chaosMatchingCorrectParamId,0,7730
30106051,Banished Knight (Niall Boss),chaosMatchingCorrectParamId,0,7730
30107051,Banished Knight (Niall Boss),chaosMatchingCorrectParamId,0,7730
30200034,Large Exile Soldier (Leyndell),chaosMatchingCorrectParamId,0,7710
30208040,Large Exile Soldier (Boss),chaosMatchingCorrectParamId,0,7710
30500051,Commander Niall,chaosMatchingCorrectParamId,0,7750
30500140,Commander O'Neil,chaosMatchingCorrectParamId,0,7750
30509999,Commander,chaosMatchingCorrectParamId,0,7750
30800032,Imp,chaosMatchingCorrectParamId,0,7700
30800042,Imp,chaosMatchingCorrectParamId,0,7700
30800052,Imp,chaosMatchingCorrectParamId,0,7700
30800830,Imp,chaosMatchingCorrectParamId,0,7700
30800852,Imp,chaosMatchingCorrectParamId,0,7700
30800912,Imp (Boss),chaosMatchingCorrectParamId,0,7700
30801012,Imp,chaosMatchingCorrectParamId,0,7700
30801032,Imp,chaosMatchingCorrectParamId,0,7700
30801033,Imp,chaosMatchingCorrectParamId,0,7700
30801042,Imp,chaosMatchingCorrectParamId,0,7700
30802012,Imp,chaosMatchingCorrectParamId,0,7700
30802032,Imp,chaosMatchingCorrectParamId,0,7700
30802034,Imp (Leyndell),chaosMatchingCorrectParamId,0,7700
30806012,Imp,chaosMatchingCorrectParamId,0,7700
30806042,Imp,chaosMatchingCorrectParamId,0,7700
30806052,Imp,chaosMatchingCorrectParamId,0,7700
31000033,Bell Bearing Hunter,chaosMatchingCorrectParamId,0,7750
31000042,Bell Bearing Hunter,chaosMatchingCorrectParamId,0,7750
31000931,Elemer of the Briar (Shaded Castle),chaosMatchingCorrectParamId,0,7750
31500032,Night's Cavalry,chaosMatchingCorrectParamId,0,7750
31500040,Night's Cavalry,chaosMatchingCorrectParamId,0,7750
31500042,Night's Cavalry,chaosMatchingCorrectParamId,0,7750
31500050,Night's Cavalry,chaosMatchingCorrectParamId,0,7750
31500052,Night's Cavalry (Glaive),chaosMatchingCorrectParamId,0,7750
31501012,Night's Cavalry (Weeping Peninsula Boss),chaosMatchingCorrectParamId,0,7750
31501030,Night's Cavalry,chaosMatchingCorrectParamId,0,7750
31501040,Night's Cavalry,chaosMatchingCorrectParamId,0,7750
31501052,Night's Cavalry (Flail),chaosMatchingCorrectParamId,0,7750
31700052,Albinauric Archer,chaosMatchingCorrectParamId,0,7710
31701052,Albinauric Archer,chaosMatchingCorrectParamId,0,7710
31709020,Latenna the Albinauric,chaosMatchingCorrectParamId,0,7710
31709052,Latenna the Albinauric,chaosMatchingCorrectParamId,0,7710
31810052,Red Wolf of Radagon,chaosMatchingCorrectParamId,0,7740
31811024,Red Wolf of Radagon Sword (Archives),chaosMatchingCorrectParamId,0,7740
31811032,Red Wolf of the Champion,chaosMatchingCorrectParamId,0,7740
32500033,Draconic Tree Sentinel (Capital Outskirts),chaosMatchingCorrectParamId,0,7750
32500070,Draconic Tree Sentinel,chaosMatchingCorrectParamId,0,7750
32510010,Tree Sentinel (Limgrave),chaosMatchingCorrectParamId,0,7750
32510034,Tree Sentinel  (Leyndell),chaosMatchingCorrectParamId,0,7750
32510070,Tree Sentinel,chaosMatchingCorrectParamId,0,7750
32511030,Tree Sentinel - Torch (Altus Plateau),chaosMatchingCorrectParamId,0,7750
32520054,Loretta- Knight of the Haligtree,chaosMatchingCorrectParamId,0,7740
32520921,Royal Knight Loretta,chaosMatchingCorrectParamId,0,7740
33000900,Nox Swordstress,chaosMatchingCorrectParamId,0,7730
33000940,Nox Swordstress (Boss),chaosMatchingCorrectParamId,0,7730
33001940,Nox Monk (Boss),chaosMatchingCorrectParamId,0,7730
33201052,Silver Tear,chaosMatchingCorrectParamId,0,7710
33209010,Asimi- Silver Tear,chaosMatchingCorrectParamId,0,7710
33500154,Crystalian (Spirit),chaosMatchingCorrectParamId,0,7740
33500920,Crystalian (Boss),chaosMatchingCorrectParamId,0,7740
33500930,Crystalian (Ringblade),chaosMatchingCorrectParamId,0,7740
33500940,Putrid Crystalian (Ringblade),chaosMatchingCorrectParamId,0,7740
33501154,Crystalian,chaosMatchingCorrectParamId,0,7740
33501920,Crystalian (Spear),chaosMatchingCorrectParamId,0,7740
33501930,Crystalian (Spear),chaosMatchingCorrectParamId,0,7740
33501940,Putrid Crystalian (Spear),chaosMatchingCorrectParamId,0,7740
33502154,Crystalian,chaosMatchingCorrectParamId,0,7740
33502920,Crystalian (Staff),chaosMatchingCorrectParamId,0,7740
33502940,Putrid Crystalian (Staff),chaosMatchingCorrectParamId,0,7740
33610062,Putrid Ancestral Follower,chaosMatchingCorrectParamId,0,7710
33610562,Putrid Ancestral Follower,chaosMatchingCorrectParamId,0,7710
33611062,Putrid Ancestral Follower,chaosMatchingCorrectParamId,0,7710
33612062,Putrid Ancestral Follower,chaosMatchingCorrectParamId,0,7710
33619000,Putrid Ancestral Follower,hp,2560,314
33710062,Putrid Ancestral Shaman,chaosMatchingCorrectParamId,0,7710
33711000,Ancestral Follower Shaman CASTLE w/ DROPS,hp,1050,314
33712000,Putrid Ancestral Follower Shaman CASTLE w/DROPS,hp,1050,314
34000040,Grave Warden Duelist,chaosMatchingCorrectParamId,0,7730
34000252,Grave Warden Duelist,chaosMatchingCorrectParamId,0,7730
34000254,Grave Warden Duelist,chaosMatchingCorrectParamId,0,7730
34000256,Grave Warden Duelist,chaosMatchingCorrectParamId,0,7730
34000852,Grave Warden Duelist,chaosMatchingCorrectParamId,0,7730
34000940,Frenzied Grave Warden Duelist (Boss),chaosMatchingCorrectParamId,0,7730
34000952,Putrid Grave Warden Duelist (Boss),chaosMatchingCorrectParamId,0,7730
34001133,Grave Warden Duelist (Auriza Boss),chaosMatchingCorrectParamId,0,7730
34001252,Grave Warden Duelist,chaosMatchingCorrectParamId,0,7730
34001254,Grave Warden Duelist,chaosMatchingCorrectParamId,0,7730
34001256,Grave Warden Duelist,chaosMatchingCorrectParamId,0,7730
34001852,Grave Warden Duelist,chaosMatchingCorrectParamId,0,7730
34500054,Misbegotten,chaosMatchingCorrectParamId,0,7710
34500200,Misbegotten,hp,2640,314
34501052,Winged Misbegotten,chaosMatchingCorrectParamId,0,7710
34501054,Winged Misbegotten,chaosMatchingCorrectParamId,0,7710
34501354,Winged Misbegotten,chaosMatchingCorrectParamId,0,7710
34502012,Misbegotten,chaosMatchingCorrectParamId,0,7710
34502054,Misbegotten,chaosMatchingCorrectParamId,0,7710
34502354,Misbegotten,chaosMatchingCorrectParamId,0,7710
34510052,Scaly Misbegotten,chaosMatchingCorrectParamId,0,7710
34510054,Scaly Misbegotten,chaosMatchingCorrectParamId,0,7710
34510179,Smithing Master Hewg,chaosMatchingCorrectParamId,0,7710
34510354,Scaly Misbegotten,chaosMatchingCorrectParamId,0,7710
34510912,Scaly Misbegotten (Morne Tunnel Boss),chaosMatchingCorrectParamId,0,7710
34519020,Scaly Misbegotten,chaosMatchingCorrectParamId,0,7710
34600012,Leonine Misbegotten,chaosMatchingCorrectParamId,0,7730
34600054,Leonine Misbegotten,chaosMatchingCorrectParamId,0,7730
34600354,Leonine Misbegotten,chaosMatchingCorrectParamId,0,7730
34600913,Leonine Misbegotten (Castle Morne Boss),chaosMatchingCorrectParamId,0,7730
34600930,Misbegotten Warrior,chaosMatchingCorrectParamId,0,7730
34600941,Misbegotten Warrior,chaosMatchingCorrectParamId,0,7730
34601952,Misbegotten Crusader,chaosMatchingCorrectParamId,0,7730
34700268,Bloodbane Albinauric,chaosMatchingCorrectParamId,0,7710
34700352,Snowfield Albinauric,chaosMatchingCorrectParamId,0,7710
34700452,Albinauric,chaosMatchingCorrectParamId,0,7710
34701468,Bloodbane Albinauric,chaosMatchingCorrectParamId,0,7710
34701552,Albinauric,chaosMatchingCorrectParamId,0,7710
34701652,Albinauric,chaosMatchingCorrectParamId,0,7710
34702468,Bloodbane Albinauric,chaosMatchingCorrectParamId,0,7710
34702552,Albinauric,chaosMatchingCorrectParamId,0,7710
34703068,Bloodbane Albinauric,chaosMatchingCorrectParamId,0,7710
34703252,Albinauric,chaosMatchingCorrectParamId,0,7710
34704268,Bloodbane Albinauric,chaosMatchingCorrectParamId,0,7710
34704352,Albinauric,chaosMatchingCorrectParamId,0,7710
34705000,Albinauric Shamshir CASTLE w/DROPS,hp,1050,314
34706000,Albinauric Ripple Axe CASTLE w/DROPS,hp,1050,314
34707000,Albinauric Club CASTLE w/DROPS,hp,1050,314
34708000,Albinauric Halberd CASTLE w/DROPS,hp,1050,314
35000014,Large Skeleton (Spear),chaosMatchingCorrectParamId,0,7700
35000172,Large Skeleton (Spear),chaosMatchingCorrectParamId,0,7700
35000330,Large Skeleton (Spear),chaosMatchingCorrectParamId,0,7700
35001012,Large Skeleton (Crossbow),chaosMatchingCorrectParamId,0,7700
35001014,Large Skeleton (Crossbow),chaosMatchingCorrectParamId,0,7700
35001172,Large Skeleton (Crossbow),chaosMatchingCorrectParamId,0,7700
35002012,Large Skeleton (Scythe),chaosMatchingCorrectParamId,0,7700
35002172,Large Skeleton (Scythe),chaosMatchingCorrectParamId,0,7700
35003012,Large Skeleton (Sword and Shield),chaosMatchingCorrectParamId,0,7700
35003014,Large Skeleton (Sword and Shield),chaosMatchingCorrectParamId,0,7700
35003172,Large Skeleton (Sword and Shield),chaosMatchingCorrectParamId,0,7700
35004172,Large Skeleton (Curved Swords),chaosMatchingCorrectParamId,0,7700
35005032,Large Skeleton (Spear),chaosMatchingCorrectParamId,0,7700
35006032,Large Skeleton (Crossbow),chaosMatchingCorrectParamId,0,7700
35007032,Large Skeleton (Scythe),chaosMatchingCorrectParamId,0,7700
35008032,Large Skeleton (Sword and Shield),chaosMatchingCorrectParamId,0,7700
35009032,Large Skeleton (Curved Swords),chaosMatchingCorrectParamId,0,7700
35500068,Sanguine Noble,chaosMatchingCorrectParamId,0,7730
35500930,Sanguine Noble (Boss),chaosMatchingCorrectParamId,0,7730
35600030,Godskin Apostle,chaosMatchingCorrectParamId,0,7750
35600042,Godskin Apostle,chaosMatchingCorrectParamId,0,7750
35600172,Godskin Apostle {Godskin Duo),chaosMatchingCorrectParamId,0,7750
35600950,Godskin Apostle,chaosMatchingCorrectParamId,0,7750
35600972,Godskin Apostle (Godskin Duo HP),chaosMatchingCorrectParamId,0,7750
35700038,Godskin Noble (Volcano Manor),chaosMatchingCorrectParamId,0,7750
35700172,Godskin Noble (Godskin Duo),chaosMatchingCorrectParamId,0,7750
35700950,Godskin Noble,chaosMatchingCorrectParamId,0,7750
36000052,Alabaster Lord,chaosMatchingCorrectParamId,0,7730
36001052,Onyx Lord,chaosMatchingCorrectParamId,0,7730
36001920,Onyx Lord (Boss),chaosMatchingCorrectParamId,0,7730
36001933,Onyx Lord (Boss),chaosMatchingCorrectParamId,0,7730
36501033,Full-Bloom Guardian,chaosMatchingCorrectParamId,0,7710
36502042,Rotten Guardian,chaosMatchingCorrectParamId,0,7710
36502052,Rotten Guardian,chaosMatchingCorrectParamId,0,7710
36600652,Frenzied Commoner,chaosMatchingCorrectParamId,0,7710
36601070,Commoner,chaosMatchingCorrectParamId,0,7710
36601252,Frenzied Commoner,chaosMatchingCorrectParamId,0,7710
36601333,Death-serving Commoner,chaosMatchingCorrectParamId,0,7710
36602070,Commoner,chaosMatchingCorrectParamId,0,7710
36602152,Frenzied Commoner,chaosMatchingCorrectParamId,0,7710
36602233,Death-serving Commoner,chaosMatchingCorrectParamId,0,7710
36603010,Commoner,chaosMatchingCorrectParamId,0,7710
36603110,Commoner,chaosMatchingCorrectParamId,0,7710
36608033,Commoner (Margit),chaosMatchingCorrectParamId,0,7710
36609006,Commoner (Stranded Soul),chaosMatchingCorrectParamId,0,7710
36609012,Commoner (Stranded Soul),chaosMatchingCorrectParamId,0,7710
36609020,Commoner (Stranded Soul),chaosMatchingCorrectParamId,0,7710
36609022,Commoner (Stranded Soul),chaosMatchingCorrectParamId,0,7710
36609040,Commoner (Stranded Soul),chaosMatchingCorrectParamId,0,7710
36609052,Commoner (Stranded Soul),chaosMatchingCorrectParamId,0,7710
36609114,Commoner (Stranded Soul),chaosMatchingCorrectParamId,0,7710
36609120,Commoner (Stranded Soul),chaosMatchingCorrectParamId,0,7710
36609130,Commoner (Stranded Soul),chaosMatchingCorrectParamId,0,7710
36609140,Commoner (Stranded Soul),chaosMatchingCorrectParamId,0,7710
36609142,Commoner (Stranded Soul),chaosMatchingCorrectParamId,0,7710
36609152,Commoner (Stranded Soul),chaosMatchingCorrectParamId,0,7710
36609162,Commoner (Stranded Soul),chaosMatchingCorrectParamId,0,7710
36609165,Commoner (Stranded Soul),chaosMatchingCorrectParamId,0,7710
36609170,Commoner (Stranded Soul),chaosMatchingCorrectParamId,0,7710
36609510,Commoner (Stranded Soul),chaosMatchingCorrectParamId,0,7710
36609520,Commoner (Stranded Soul),chaosMatchingCorrectParamId,0,7710
36610033,Putrid Corpse,chaosMatchingCorrectParamId,0,7710
36610039,Putrid Corpse,chaosMatchingCorrectParamId,0,7710
36610040,Putrid Corpse,chaosMatchingCorrectParamId,0,7710
36610054,Putrid Corpse,chaosMatchingCorrectParamId,0,7710
36610140,Putrid Corpse,chaosMatchingCorrectParamId,0,7710
36611030,Putrid Corpse (Maggots),chaosMatchingCorrectParamId,0,7710
36612032,Putrid Corpse (Burning),chaosMatchingCorrectParamId,0,7710
36612132,Putrid Corpse (Burning),chaosMatchingCorrectParamId,0,7710
36613054,Putrid Corpse (Mushroom),chaosMatchingCorrectParamId,0,7710
36613154,Putrid Corpse (Mushroom),chaosMatchingCorrectParamId,0,7710
36613254,Putrid Corpse (Mushroom),chaosMatchingCorrectParamId,0,7710
36619040,Putrid Corpse Ghost,chaosMatchingCorrectParamId,0,7710
36620012,Putrid Corpse (Large),chaosMatchingCorrectParamId,0,7710
36620034,Putrid Corpse (Large) (Leyndell),chaosMatchingCorrectParamId,0,7710
36620054,Putrid Corpse (Large),chaosMatchingCorrectParamId,0,7710
36620140,Putrid Corpse (Large),chaosMatchingCorrectParamId,0,7710
36621140,Putrid Corpse (Large) (Maggots),chaosMatchingCorrectParamId,0,7710
36623054,Putrid Corpse (Large) (Mushroom),chaosMatchingCorrectParamId,0,7710
36623154,Putrid Corpse (Large) (Mushroom),chaosMatchingCorrectParamId,0,7710
36623254,Putrid Corpse (Large) (Mushroom),chaosMatchingCorrectParamId,0,7710
36625068,Putrid Corpse (Large) (Blood),chaosMatchingCorrectParamId,0,7710
36629010,Putrid Corpse (Large),hp,2560,314
36640012,Cemetery Shade (Weeping Peninsula),chaosMatchingCorrectParamId,0,7710
36640035,Cemetery Shade,chaosMatchingCorrectParamId,0,7710
36640040,Cemetery Shade (Boss),chaosMatchingCorrectParamId,0,7710
36640920,Cemetery Shade (Boss),chaosMatchingCorrectParamId,0,7710
36700042,Elder Albinauric,chaosMatchingCorrectParamId,0,7730
36700134,Elder Albinauric (Leyndell),chaosMatchingCorrectParamId,0,7730
36701042,Elder Albinauric Sorcerer,chaosMatchingCorrectParamId,0,7730
36702151,Imprisoned Elder Albinauric,chaosMatchingCorrectParamId,0,7730
36709120,Pidia- Carian Servant,chaosMatchingCorrectParamId,0,7730
36709920,Pidia- Carian Servant,chaosMatchingCorrectParamId,0,7730
37000033,Depraved Perfumer,chaosMatchingCorrectParamId,0,7730
37001030,Depraved Perfumer,chaosMatchingCorrectParamId,0,7730
37010033,Perfumer,chaosMatchingCorrectParamId,0,7730
37011930,Perfumer Tricia,chaosMatchingCorrectParamId,0,7730
37020021,Glintstone Sorcerer,chaosMatchingCorrectParamId,0,7710
37021020,Karolos Glintstone Sorcerer,chaosMatchingCorrectParamId,0,7710
37030033,Page,chaosMatchingCorrectParamId,0,7710
37030034,Page (Leyndell),chaosMatchingCorrectParamId,0,7710
37030052,Page,chaosMatchingCorrectParamId,0,7710
37031034,High Page (Leyndell),chaosMatchingCorrectParamId,0,7710
37040054,Battlemage,chaosMatchingCorrectParamId,0,7730
37040800,Battlemage,chaosMatchingCorrectParamId,0,7730
37040940,Battlemage Hugues (Boss),chaosMatchingCorrectParamId,0,7730
38100056,Kindred of Rot,chaosMatchingCorrectParamId,0,7730
38100932,Kindred of Rot (Boss),chaosMatchingCorrectParamId,0,7730
38101056,Kindred of Rot,chaosMatchingCorrectParamId,0,7730
38102056,Kindred of Rot,chaosMatchingCorrectParamId,0,7730
38102932,Kindred of Rot (Boss),chaosMatchingCorrectParamId,0,7730
38103056,Kindred of Rot,chaosMatchingCorrectParamId,0,7730
38109000,Kindred of Rot,chaosMatchingCorrectParamId,0,7730
38109040,Kindred of Rot,chaosMatchingCorrectParamId,0,7730
39001032,Fire Monk,chaosMatchingCorrectParamId,0,7730
39100050,Fire Prelate,chaosMatchingCorrectParamId,0,7730
39100200,Fire Prelate,chaosMatchingCorrectParamId,0,7730
39101050,Fire Prelate,chaosMatchingCorrectParamId,0,7730
39701910,Beastman of Farum Azula (Limgrave Cave Boss),chaosMatchingCorrectParamId,0,7730
39701942,Armored Beastman of Farum Azula (Boss),chaosMatchingCorrectParamId,0,7730
39702942,Azula Beastman (Boss),chaosMatchingCorrectParamId,0,7730
40200003,Royal Revenant,chaosMatchingCorrectParamId,0,7730
40200022,Royal Revenant,chaosMatchingCorrectParamId,0,7730
40200031,Royal Revenant (Shaded Castle),chaosMatchingCorrectParamId,0,7730
40200035,Royal Revenant,chaosMatchingCorrectParamId,0,7730
40200040,Royal Revenant,chaosMatchingCorrectParamId,0,7730
40200056,Royal Revenant,chaosMatchingCorrectParamId,0,7730
40200130,Royal Revenant,chaosMatchingCorrectParamId,0,7730
40200920,Royal Revenant (Boss),chaosMatchingCorrectParamId,0,7730
40208000,Royal Revenant,chaosMatchingCorrectParamId,0,7730
40208022,Royal Revenant,chaosMatchingCorrectParamId,0,7730
40208035,Royal Revenant,chaosMatchingCorrectParamId,0,7730
40208056,Royal Revenant,chaosMatchingCorrectParamId,0,7730
40208100,Royal Revenant,chaosMatchingCorrectParamId,0,7730
40208122,Royal Revenant,chaosMatchingCorrectParamId,0,7730
40208156,Royal Revenant,chaosMatchingCorrectParamId,0,7730
40208200,Royal Revenant,chaosMatchingCorrectParamId,0,7730
40208256,Royal Revenant,chaosMatchingCorrectParamId,0,7730
40208300,Royal Revenant,chaosMatchingCorrectParamId,0,7730
40208356,Royal Revenant,chaosMatchingCorrectParamId,0,7730
40208400,Royal Revenant,chaosMatchingCorrectParamId,0,7730
40208456,Royal Revenant,chaosMatchingCorrectParamId,0,7730
40400040,Slug,chaosMatchingCorrectParamId,0,7700
40401032,Magma Slug,chaosMatchingCorrectParamId,0,7700
40700009,Wolf,chaosMatchingCorrectParamId,0,7700
40700013,Wolf,chaosMatchingCorrectParamId,0,7700
40700036,Wolf,chaosMatchingCorrectParamId,0,7700
40700042,Wolf,chaosMatchingCorrectParamId,0,7700
40700052,Wolf,chaosMatchingCorrectParamId,0,7700
40700065,Wolf,chaosMatchingCorrectParamId,0,7700
40700112,Wolf,chaosMatchingCorrectParamId,0,7700
40700152,Wolf,chaosMatchingCorrectParamId,0,7700
40700550,Wolf,chaosMatchingCorrectParamId,0,7700
40701012,Wolf,chaosMatchingCorrectParamId,0,7700
40702010,Wolf,chaosMatchingCorrectParamId,0,7700
40708024,Wolf,chaosMatchingCorrectParamId,0,7700
40710009,White Wolf,chaosMatchingCorrectParamId,0,7700
40710042,White Wolf,chaosMatchingCorrectParamId,0,7700
40710052,White Wolf,chaosMatchingCorrectParamId,0,7700
40710065,White Wolf,chaosMatchingCorrectParamId,0,7700
40710550,White Wolf,chaosMatchingCorrectParamId,0,7700
40800054,Rat,chaosMatchingCorrectParamId,0,7700
40800134,Rat (Leyndell),chaosMatchingCorrectParamId,0,7700
40800210,Rat,chaosMatchingCorrectParamId,0,7700
40809000,Rat,chaosMatchingCorrectParamId,0,7700
40900034,Giant Rat (Leyndell),chaosMatchingCorrectParamId,0,7710
40900042,Giant Rat,chaosMatchingCorrectParamId,0,7710
40900054,Giant Rat,chaosMatchingCorrectParamId,0,7710
40900210,Giant Rat,chaosMatchingCorrectParamId,0,7710
40900352,Giant Rat,chaosMatchingCorrectParamId,0,7710
40909000,Giant Rat,chaosMatchingCorrectParamId,0,7710
41000042,Demi-Human,chaosMatchingCorrectParamId,0,7700
41000212,Demi-Human,chaosMatchingCorrectParamId,0,7700
41000910,Demi-Human,chaosMatchingCorrectParamId,0,7700
41001009,Demi-Human,chaosMatchingCorrectParamId,0,7700
41001042,Demi-Human,chaosMatchingCorrectParamId,0,7700
41001130,Demi-Human,chaosMatchingCorrectParamId,0,7700
41001212,Demi-Human,chaosMatchingCorrectParamId,0,7700
41002042,Demi-Human,chaosMatchingCorrectParamId,0,7700
41002212,Demi-Human,chaosMatchingCorrectParamId,0,7700
41002910,Demi-Human,chaosMatchingCorrectParamId,0,7700
41009000,Demi-Human,chaosMatchingCorrectParamId,0,7700
41009100,Demi-Human,chaosMatchingCorrectParamId,0,7700
41009200,Demi-Human,chaosMatchingCorrectParamId,0,7700
41200009,Demi-Human Chief,chaosMatchingCorrectParamId,0,7710
41200040,Demi-Human Chief,chaosMatchingCorrectParamId,0,7710
41200042,Demi-Human Chief,chaosMatchingCorrectParamId,0,7710
41200910,Demi-Human Chief (Duo Boss),chaosMatchingCorrectParamId,0,7710
41300032,Demi-Human Queen Maggie,chaosMatchingCorrectParamId,0,7750
41301030,Demi-Human Queen Gilika,chaosMatchingCorrectParamId,0,7750
41301932,Demi-Human Queen Margot,chaosMatchingCorrectParamId,0,7750
41500040,Basilisk,chaosMatchingCorrectParamId,0,7700
41600024,Large Stray,chaosMatchingCorrectParamId,0,7700
41600035,Large Stray,chaosMatchingCorrectParamId,0,7700
41610033,Stray,chaosMatchingCorrectParamId,0,7700
41610064,Stray (Siofra River),chaosMatchingCorrectParamId,0,7700
41610212,Stray,chaosMatchingCorrectParamId,0,7700
41610252,Stray,chaosMatchingCorrectParamId,0,7700
41640030,Large Bloodbane Stray,chaosMatchingCorrectParamId,0,7700
41640052,Large Bloodbane Stray,chaosMatchingCorrectParamId,0,7700
41650052,Bloodbane Stray,chaosMatchingCorrectParamId,0,7700
41650068,Bloodbane Stray,chaosMatchingCorrectParamId,0,7700
41650935,Bloodbane Stray (Boss),chaosMatchingCorrectParamId,0,7700
41660042,Large Rotten Stray,chaosMatchingCorrectParamId,0,7700
41700020,Putrid Flesh,chaosMatchingCorrectParamId,0,7700
41700030,Putrid Flesh,chaosMatchingCorrectParamId,0,7700
41700040,Putrid Flesh,chaosMatchingCorrectParamId,0,7700
41710000,Putrid Flesh (Large),hp,1048,162
41710010,Putrid Flesh (Large),hp,1048,162
41710020,Putrid Flesh (Large) CASTLE w/DROPS,hp,1250,162
41710030,Putrid Flesh GH Castle,hp,748,162
41710400,Giant Putrid Flesh (Blood),chaosMatchingCorrectParamId,0,7700
41710400,Giant Putrid Flesh (Blood),hp,1893,162
41710430,Giant Putrid Flesh (Blood),hp,1893,162
41710468,Giant Putrid Flesh (Blood),chaosMatchingCorrectParamId,0,7700
41710468,Giant Putrid Flesh (Blood),hp,1893,162
41800033,Spirit Jellyfish,chaosMatchingCorrectParamId,0,7710
41800210,Spirit Jellyfish,chaosMatchingCorrectParamId,0,7710
41800312,Spirit Jellyfish,chaosMatchingCorrectParamId,0,7710
42000011,Man-Bat,chaosMatchingCorrectParamId,0,7710
42000064,Man-Bat (Siofra River),chaosMatchingCorrectParamId,0,7710
42000250,Man-Bat,chaosMatchingCorrectParamId,0,7710
42001250,Man-Bat,chaosMatchingCorrectParamId,0,7710
42010020,Operatic Bat,chaosMatchingCorrectParamId,0,7710
42010112,Operatic Bat,chaosMatchingCorrectParamId,0,7710
42010126,Operatic Bat,chaosMatchingCorrectParamId,0,7710
42010133,Operatic Bat,chaosMatchingCorrectParamId,0,7710
42010140,Operatic Bat,chaosMatchingCorrectParamId,0,7710
42010141,Operatic Bat,chaosMatchingCorrectParamId,0,7710
42010142,Operatic Bat,chaosMatchingCorrectParamId,0,7710
42011026,Operatic Bat,chaosMatchingCorrectParamId,0,7710
42011126,Operatic Bat,chaosMatchingCorrectParamId,0,7710
42011142,Operatic Bat,chaosMatchingCorrectParamId,0,7710
42017000,Operatic Bat,chaosMatchingCorrectParamId,0,7710
42017400,Operatic Bat,chaosMatchingCorrectParamId,0,7710
42017442,Operatic Bat,chaosMatchingCorrectParamId,0,7710
42017500,Operatic Bat,chaosMatchingCorrectParamId,0,7710
42017542,Operatic Bat,chaosMatchingCorrectParamId,0,7710
42017600,Operatic Bat,chaosMatchingCorrectParamId,0,7710
42017642,Operatic Bat,chaosMatchingCorrectParamId,0,7710
42017700,Operatic Bat,chaosMatchingCorrectParamId,0,7710
42017800,Operatic Bat,chaosMatchingCorrectParamId,0,7710
42018000,Operatic Bat,chaosMatchingCorrectParamId,0,7710
42018042,Operatic Bat,chaosMatchingCorrectParamId,0,7710
42018100,Operatic Bat,chaosMatchingCorrectParamId,0,7710
42018126,Operatic Bat,chaosMatchingCorrectParamId,0,7710
42300032,Land Octopus,chaosMatchingCorrectParamId,0,7710
42300050,Land Octopus,chaosMatchingCorrectParamId,0,7710
42400021,Fingercreeper,chaosMatchingCorrectParamId,0,7710
42400032,Fingercreeper,chaosMatchingCorrectParamId,0,7710
42400034,Fingercreeper (Leyndell),chaosMatchingCorrectParamId,0,7710
42400035,Fingercreeper,chaosMatchingCorrectParamId,0,7710
42400150,Fingercreeper,chaosMatchingCorrectParamId,0,7710
42400221,Fingercreeper,chaosMatchingCorrectParamId,0,7710
42405000,Fingercreeper,chaosMatchingCorrectParamId,0,7710
42405050,Fingercreeper,chaosMatchingCorrectParamId,0,7710
42405100,Fingercreeper,chaosMatchingCorrectParamId,0,7710
42405150,Fingercreeper,chaosMatchingCorrectParamId,0,7710
42405200,Fingercreeper,chaosMatchingCorrectParamId,0,7710
42405250,Fingercreeper,chaosMatchingCorrectParamId,0,7710
42405300,Fingercreeper,chaosMatchingCorrectParamId,0,7710
42405350,Fingercreeper,chaosMatchingCorrectParamId,0,7710
42405400,Fingercreeper,chaosMatchingCorrectParamId,0,7710
42405450,Fingercreeper,chaosMatchingCorrectParamId,0,7710
42405500,Fingercreeper,chaosMatchingCorrectParamId,0,7710
42405550,Fingercreeper,chaosMatchingCorrectParamId,0,7710
42405600,Fingercreeper,chaosMatchingCorrectParamId,0,7710
42405650,Fingercreeper,chaosMatchingCorrectParamId,0,7710
42405700,Fingercreeper,chaosMatchingCorrectParamId,0,7710
42405750,Fingercreeper,chaosMatchingCorrectParamId,0,7710
42405800,Fingercreeper,chaosMatchingCorrectParamId,0,7710
42405850,Fingercreeper,chaosMatchingCorrectParamId,0,7710
42406000,Fingercreeper,chaosMatchingCorrectParamId,0,7710
42406050,Fingercreeper,chaosMatchingCorrectParamId,0,7710
42406100,Fingercreeper,chaosMatchingCorrectParamId,0,7710
42406150,Fingercreeper,chaosMatchingCorrectParamId,0,7710
42406200,Fingercreeper,chaosMatchingCorrectParamId,0,7710
42406250,Fingercreeper,chaosMatchingCorrectParamId,0,7710
42406300,Fingercreeper,chaosMatchingCorrectParamId,0,7710
42406350,Fingercreeper,chaosMatchingCorrectParamId,0,7710
42406400,Fingercreeper,chaosMatchingCorrectParamId,0,7710
42406450,Fingercreeper,chaosMatchingCorrectParamId,0,7710
42407000,Fingercreeper,chaosMatchingCorrectParamId,0,7710
42407032,Fingercreeper,chaosMatchingCorrectParamId,0,7710
42407034,Fingercreeper  (Leyndell),chaosMatchingCorrectParamId,0,7710
42407035,Fingercreeper,chaosMatchingCorrectParamId,0,7710
42407100,Fingercreeper,chaosMatchingCorrectParamId,0,7710
42407132,Fingercreeper,chaosMatchingCorrectParamId,0,7710
42407200,Fingercreeper,chaosMatchingCorrectParamId,0,7710
42407300,Fingercreeper,chaosMatchingCorrectParamId,0,7710
42407400,Fingercreeper,chaosMatchingCorrectParamId,0,7710
42407500,Fingercreeper,chaosMatchingCorrectParamId,0,7710
42407600,Fingercreeper,chaosMatchingCorrectParamId,0,7710
42407700,Fingercreeper,chaosMatchingCorrectParamId,0,7710
42407800,Fingercreeper,chaosMatchingCorrectParamId,0,7710
42408000,Fingercreeper,chaosMatchingCorrectParamId,0,7710
42408100,Fingercreeper,chaosMatchingCorrectParamId,0,7710
42408200,Fingercreeper,chaosMatchingCorrectParamId,0,7710
42408300,Fingercreeper,chaosMatchingCorrectParamId,0,7710
42408400,Fingercreeper,chaosMatchingCorrectParamId,0,7710
42408500,Fingercreeper,chaosMatchingCorrectParamId,0,7710
42408800,Fingercreeper,chaosMatchingCorrectParamId,0,7710
42600512,Erdtree Burial Watchdog (Impalers Catacombs),chaosMatchingCorrectParamId,0,7730
42600940,Erdtree Burial Watchdog (Minor Erdtree Catacombs),chaosMatchingCorrectParamId,0,7730
42601920,Erdtree Burial Watchdog (Cliffbottom Catacombs),chaosMatchingCorrectParamId,0,7730
42601940,Erdtree Burial Watchdog (Minor Erdtree Catacombs),chaosMatchingCorrectParamId,0,7730
42602932,Erdtree Burial Watchdog (Wyndham Catacombs),chaosMatchingCorrectParamId,0,7730
42604152,Erdtree Burial Watchdog,chaosMatchingCorrectParamId,0,7730
42604652,Erdtree Burial Watchdog,chaosMatchingCorrectParamId,0,7730
42605152,Erdtree Burial Watchdog,chaosMatchingCorrectParamId,0,7730
42800054,Giant Ant,chaosMatchingCorrectParamId,0,7710
42800056,Giant Ant,chaosMatchingCorrectParamId,0,7710
42800260,Giant Ant (Stinger- Large Abdomen) (Ainsel River),chaosMatchingCorrectParamId,0,7710
42800354,Giant Ant (Replete),chaosMatchingCorrectParamId,0,7710
42800362,Giant Ant (Replete),chaosMatchingCorrectParamId,0,7710
42800562,Giant Ant,chaosMatchingCorrectParamId,0,7710
42900032,Bloodhound Knight,chaosMatchingCorrectParamId,0,7730
42900038,Bloodhound Knight,chaosMatchingCorrectParamId,0,7730
42900100,Bloodhound Knight,chaosMatchingCorrectParamId,0,7730
42900920,Bloodhound Knight (Boss),chaosMatchingCorrectParamId,0,7730
42909024,Bloodhound Knight,chaosMatchingCorrectParamId,0,7730
43000032,Wandering Noble,chaosMatchingCorrectParamId,0,7710
43000112,Wandering Noble,chaosMatchingCorrectParamId,0,7710
43000133,Wandering Noble,chaosMatchingCorrectParamId,0,7710
43000152,Wandering Noble,chaosMatchingCorrectParamId,0,7710
43000212,Wandering Noble,chaosMatchingCorrectParamId,0,7710
43000230,Wandering Noble,chaosMatchingCorrectParamId,0,7710
43000233,Wandering Noble,chaosMatchingCorrectParamId,0,7710
43000252,Wandering Noble,chaosMatchingCorrectParamId,0,7710
43000800,Wandering Noble,chaosMatchingCorrectParamId,0,7710
43000900,Wandering Noble,chaosMatchingCorrectParamId,0,7710
43001012,Wandering Noble,chaosMatchingCorrectParamId,0,7710
43001040,Wandering Noble,chaosMatchingCorrectParamId,0,7710
43001230,Wandering Noble,chaosMatchingCorrectParamId,0,7710
43001240,Wandering Noble,chaosMatchingCorrectParamId,0,7710
43001800,Wandering Noble,chaosMatchingCorrectParamId,0,7710
43001900,Wandering Noble,chaosMatchingCorrectParamId,0,7710
43002009,Wandering Noble (Sorcerer),chaosMatchingCorrectParamId,0,7710
43002032,Wandering Noble (Sorcerer),chaosMatchingCorrectParamId,0,7710
43002800,Wandering Noble (Sorcerer),chaosMatchingCorrectParamId,0,7710
43002900,Wandering Noble (Sorcerer),chaosMatchingCorrectParamId,0,7710
43003032,Wandering Noble (Banner),chaosMatchingCorrectParamId,0,7710
43003040,Wandering Noble (Banner),chaosMatchingCorrectParamId,0,7710
43003800,Wandering Noble (Banner),chaosMatchingCorrectParamId,0,7710
43003900,Wandering Noble (Banner),chaosMatchingCorrectParamId,0,7710
43004100,Wandering Noble (Chest),chaosMatchingCorrectParamId,0,7710
43004800,Wandering Noble,chaosMatchingCorrectParamId,0,7710
43004900,Wandering Noble,chaosMatchingCorrectParamId,0,7710
43005006,Wandering Noble,chaosMatchingCorrectParamId,0,7710
43005040,Wandering Noble,chaosMatchingCorrectParamId,0,7710
43005112,Wandering Noble,chaosMatchingCorrectParamId,0,7710
43005130,Wandering Noble,chaosMatchingCorrectParamId,0,7710
43005212,Wandering Noble,chaosMatchingCorrectParamId,0,7710
43005233,Wandering Noble,chaosMatchingCorrectParamId,0,7710
43006012,Wandering Noble (Poisoned),chaosMatchingCorrectParamId,0,7710
43006052,Wandering Noble (Poisoned),chaosMatchingCorrectParamId,0,7710
43006112,Wandering Noble (Poisoned),chaosMatchingCorrectParamId,0,7710
43006212,Wandering Noble (Poisoned),chaosMatchingCorrectParamId,0,7710
43006352,Wandering Noble (Poisoned),chaosMatchingCorrectParamId,0,7710
43006738,Wandering Noble (Poisoned),chaosMatchingCorrectParamId,0,7710
43007010,Wandering Noble,chaosMatchingCorrectParamId,0,7710
43007012,Wandering Noble,chaosMatchingCorrectParamId,0,7710
43007020,Wandering Noble,chaosMatchingCorrectParamId,0,7710
43007030,Wandering Noble,chaosMatchingCorrectParamId,0,7710
43007040,Wandering Noble,chaosMatchingCorrectParamId,0,7710
43007052,Wandering Noble,chaosMatchingCorrectParamId,0,7710
43007100,Wandering Noble,chaosMatchingCorrectParamId,0,7710
43007110,Wandering Noble,chaosMatchingCorrectParamId,0,7710
43007112,Wandering Noble,chaosMatchingCorrectParamId,0,7710
43007120,Wandering Noble,chaosMatchingCorrectParamId,0,7710
43007130,Wandering Noble,chaosMatchingCorrectParamId,0,7710
43007150,Wandering Noble,chaosMatchingCorrectParamId,0,7710
43009010,Wandering Noble (Stranded Soul),chaosMatchingCorrectParamId,0,7710
43009012,Wandering Noble (Stranded Soul),chaosMatchingCorrectParamId,0,7710
43009110,Wandering Noble (Stranded Soul),chaosMatchingCorrectParamId,0,7710
43009120,Wandering Noble (Stranded Soul),chaosMatchingCorrectParamId,0,7710
43009130,Wandering Noble (Stranded Soul),chaosMatchingCorrectParamId,0,7710
43009132,Wandering Noble (Stranded Soul),chaosMatchingCorrectParamId,0,7710
43009140,Wandering Noble (Stranded Soul),chaosMatchingCorrectParamId,0,7710
43009150,Wandering Noble (Stranded Soul),chaosMatchingCorrectParamId,0,7710
43009212,Wandering Noble (Stranded Soul),chaosMatchingCorrectParamId,0,7710
43009220,Wandering Noble (Stranded Soul),chaosMatchingCorrectParamId,0,7710
43009232,Wandering Noble (Stranded Soul),chaosMatchingCorrectParamId,0,7710
43009240,Wandering Noble (Stranded Soul),chaosMatchingCorrectParamId,0,7710
43009250,Wandering Noble (Stranded Soul),chaosMatchingCorrectParamId,0,7710
43009252,Wandering Noble (Stranded Soul),chaosMatchingCorrectParamId,0,7710
43009320,Wandering Noble (Stranded Soul),chaosMatchingCorrectParamId,0,7710
43009330,Wandering Noble (Stranded Soul),chaosMatchingCorrectParamId,0,7710
43009332,Wandering Noble (Stranded Soul),chaosMatchingCorrectParamId,0,7710
43009340,Wandering Noble (Stranded Soul),chaosMatchingCorrectParamId,0,7710
43009350,Wandering Noble (Stranded Soul),chaosMatchingCorrectParamId,0,7710
43009352,Wandering Noble (Stranded Soul),chaosMatchingCorrectParamId,0,7710
43009366,Wandering Noble (Stranded Soul),chaosMatchingCorrectParamId,0,7710
43110009,Godrick Soldier,chaosMatchingCorrectParamId,0,7710
43110912,Godrick Soldier,chaosMatchingCorrectParamId,0,7710
43110914,Godrick Soldier (Stormveil Castle),chaosMatchingCorrectParamId,0,7710
43111140,Godrick Soldier,chaosMatchingCorrectParamId,0,7710
43111212,Godrick Soldier,chaosMatchingCorrectParamId,0,7710
43111312,Godrick Soldier,chaosMatchingCorrectParamId,0,7710
43111313,Godrick Soldier,chaosMatchingCorrectParamId,0,7710
43111412,Godrick Soldier,chaosMatchingCorrectParamId,0,7710
43112012,Godrick Soldier,chaosMatchingCorrectParamId,0,7710
43112112,Godrick Soldier,chaosMatchingCorrectParamId,0,7710
43112212,Godrick Soldier,chaosMatchingCorrectParamId,0,7710
43112412,Godrick Soldier,chaosMatchingCorrectParamId,0,7710
43113012,Godrick Soldier,chaosMatchingCorrectParamId,0,7710
43113040,Godrick Soldier,chaosMatchingCorrectParamId,0,7710
43113906,Soldier of Godrick (Boss),chaosMatchingCorrectParamId,0,7710
43114012,Godrick Soldier,chaosMatchingCorrectParamId,0,7710
43114090,Godrick Soldier,chaosMatchingCorrectParamId,0,7710
43130035,Leyndell Soldier,chaosMatchingCorrectParamId,0,7710
43130134,Leyndell Soldier (Leyndell),chaosMatchingCorrectParamId,0,7710
43130232,Leyndell Soldier,chaosMatchingCorrectParamId,0,7710
43130335,Leyndell Soldier,chaosMatchingCorrectParamId,0,7710
43130435,Leyndell Soldier,chaosMatchingCorrectParamId,0,7710
43130535,Leyndell Soldier,chaosMatchingCorrectParamId,0,7710
43131034,Leyndell Soldier (Leyndell),chaosMatchingCorrectParamId,0,7710
43131132,Leyndell Soldier,chaosMatchingCorrectParamId,0,7710
43133035,Leyndell Soldier,chaosMatchingCorrectParamId,0,7710
43133135,Leyndell Soldier,chaosMatchingCorrectParamId,0,7710
43134032,Leyndell Soldier,chaosMatchingCorrectParamId,0,7710
43134132,Leyndell Soldier,chaosMatchingCorrectParamId,0,7710
43134332,Leyndell Soldier,chaosMatchingCorrectParamId,0,7710
43135132,Leyndell Soldier,chaosMatchingCorrectParamId,0,7710
43137032,Leyndell Soldier,chaosMatchingCorrectParamId,0,7710
43140042,Radahn Soldier,chaosMatchingCorrectParamId,0,7710
43140242,Radahn Soldier,chaosMatchingCorrectParamId,0,7710
43140342,Radahn Soldier,chaosMatchingCorrectParamId,0,7710
43140440,Radahn Soldier,chaosMatchingCorrectParamId,0,7710
43140542,Radahn Soldier,chaosMatchingCorrectParamId,0,7710
43140642,Radahn Soldier,chaosMatchingCorrectParamId,0,7710
43141042,Radahn Soldier,chaosMatchingCorrectParamId,0,7710
43141340,Radahn Soldier,chaosMatchingCorrectParamId,0,7710
43141342,Radahn Soldier,chaosMatchingCorrectParamId,0,7710
43141442,Radahn Soldier,chaosMatchingCorrectParamId,0,7710
43142042,Radahn Soldier,chaosMatchingCorrectParamId,0,7710
43142142,Radahn Soldier,chaosMatchingCorrectParamId,0,7710
43142242,Radahn Soldier,chaosMatchingCorrectParamId,0,7710
43143042,Radahn Soldier,chaosMatchingCorrectParamId,0,7710
43143142,Radahn Soldier,chaosMatchingCorrectParamId,0,7710
43143242,Radahn Soldier,chaosMatchingCorrectParamId,0,7710
43150052,Mausoleum Soldier,chaosMatchingCorrectParamId,0,7710
43150266,Mausoleum Soldier,chaosMatchingCorrectParamId,0,7710
43151052,Mausoleum Soldier,chaosMatchingCorrectParamId,0,7710
43151266,Mausoleum Soldier,chaosMatchingCorrectParamId,0,7710
43152052,Mausoleum Soldier,chaosMatchingCorrectParamId,0,7710
43153052,Mausoleum Soldier,chaosMatchingCorrectParamId,0,7710
43210012,Vulgar Militia,chaosMatchingCorrectParamId,0,7710
43210142,Vulgar Militia,chaosMatchingCorrectParamId,0,7710
43210152,Vulgar Militia,chaosMatchingCorrectParamId,0,7710
43211012,Vulgar Militia,chaosMatchingCorrectParamId,0,7710
43211142,Vulgar Militia,chaosMatchingCorrectParamId,0,7710
43211152,Vulgar Militia,chaosMatchingCorrectParamId,0,7710
43212012,Vulgar Militia,chaosMatchingCorrectParamId,0,7710
43212040,Vulgar Militia,chaosMatchingCorrectParamId,0,7710
43212142,Vulgar Militia,chaosMatchingCorrectParamId,0,7710
43212152,Vulgar Militia,chaosMatchingCorrectParamId,0,7710
43400032,Mad Pumpkin Head,chaosMatchingCorrectParamId,0,7730
43400040,Mad Pumpkin Head,chaosMatchingCorrectParamId,0,7730
43400910,Mad Pumpkin Head (Boss),chaosMatchingCorrectParamId,0,7730
43400940,Mad Pumpkin Head (Flail),chaosMatchingCorrectParamId,0,7730
43401940,Mad Pumpkin Head (Hammer),chaosMatchingCorrectParamId,0,7730
43511000,Godrick Knight,chaosMatchingCorrectParamId,0,7730
43530036,Leyndell Knight,chaosMatchingCorrectParamId,0,7750
43530235,Leyndell Knight,chaosMatchingCorrectParamId,0,7750
43530534,Leyndell Knight (Leyndell),chaosMatchingCorrectParamId,0,7750
43531032,Leyndell Knight,chaosMatchingCorrectParamId,0,7750
43531036,Leyndell Knight,chaosMatchingCorrectParamId,0,7750
43531132,Leyndell Knight,chaosMatchingCorrectParamId,0,7750
43531136,Leyndell Knight,chaosMatchingCorrectParamId,0,7750
43531234,Leyndell Knight (Leyndell),chaosMatchingCorrectParamId,0,7750
43540042,Redmane Knight,chaosMatchingCorrectParamId,0,7730
43540242,Redmane Knight,chaosMatchingCorrectParamId,0,7730
43541042,Redmane Knight,chaosMatchingCorrectParamId,0,7730
43542042,Redmane Knight,chaosMatchingCorrectParamId,0,7730
43550052,Mausoleum Knight,chaosMatchingCorrectParamId,0,7730
43551052,Mausoleum Knight,chaosMatchingCorrectParamId,0,7730
43551066,Mausoleum Knight,chaosMatchingCorrectParamId,0,7730
43551152,Mausoleum Knight,chaosMatchingCorrectParamId,0,7730
43552052,Mausoleum Knight,chaosMatchingCorrectParamId,0,7730
43710040,Godrick Foot Soldier,chaosMatchingCorrectParamId,0,7710
43710540,Godrick Foot Soldier,chaosMatchingCorrectParamId,0,7710
43711040,Godrick Foot Soldier,chaosMatchingCorrectParamId,0,7710
43711512,Godrick Foot Soldier,chaosMatchingCorrectParamId,0,7710
43711612,Godrick Foot Soldier,chaosMatchingCorrectParamId,0,7710
43711812,Godrick Foot Soldier,chaosMatchingCorrectParamId,0,7710
43712012,Godrick Foot Soldier,chaosMatchingCorrectParamId,0,7710
43712512,Godrick Foot Soldier,chaosMatchingCorrectParamId,0,7710
43712540,Godrick Foot Soldier,chaosMatchingCorrectParamId,0,7710
43713012,Godrick Foot Soldier,chaosMatchingCorrectParamId,0,7710
43713040,Godrick Foot Soldier,chaosMatchingCorrectParamId,0,7710
43714040,Godrick Foot Soldier,chaosMatchingCorrectParamId,0,7710
43716012,Godrick Foot Soldier,chaosMatchingCorrectParamId,0,7710
43716040,Godrick Foot Soldier,chaosMatchingCorrectParamId,0,7710
43717012,Godrick Foot Soldier,chaosMatchingCorrectParamId,0,7710
43731050,Leyndell Foot Soldier,chaosMatchingCorrectParamId,0,7710
43731732,Leyndell Foot Soldier,chaosMatchingCorrectParamId,0,7710
43734032,Leyndell Foot Soldier,chaosMatchingCorrectParamId,0,7710
43734034,Leyndell Foot Soldier (Leyndell),chaosMatchingCorrectParamId,0,7710
43734035,Leyndell Foot Soldier,chaosMatchingCorrectParamId,0,7710
43734535,Leyndell Foot Soldier,chaosMatchingCorrectParamId,0,7710
43740042,Radahn Foot Soldier,chaosMatchingCorrectParamId,0,7710
43740342,Radahn Foot Soldier,chaosMatchingCorrectParamId,0,7710
43740542,Radahn Foot Soldier,chaosMatchingCorrectParamId,0,7710
43742040,Radahn Foot Soldier,chaosMatchingCorrectParamId,0,7710
43742042,Radahn Foot Soldier,chaosMatchingCorrectParamId,0,7710
43742540,Radahn Foot Soldier,chaosMatchingCorrectParamId,0,7710
43746042,Radahn Foot Soldier,chaosMatchingCorrectParamId,0,7710
43747042,Radahn Foot Soldier,chaosMatchingCorrectParamId,0,7710
43751052,Mausoleum Foot Soldier,chaosMatchingCorrectParamId,0,7710
43800032,Starcaller,chaosMatchingCorrectParamId,0,7700
43800042,Starcaller,chaosMatchingCorrectParamId,0,7700
43820033,Stonedigger,chaosMatchingCorrectParamId,0,7710
43820052,Stonedigger,chaosMatchingCorrectParamId,0,7710
43821033,Stonedigger,chaosMatchingCorrectParamId,0,7710
43821052,Stonedigger,chaosMatchingCorrectParamId,0,7710
43823012,Stonedigger,chaosMatchingCorrectParamId,0,7710
43823033,Stonedigger,chaosMatchingCorrectParamId,0,7710
43827052,Stonedigger,chaosMatchingCorrectParamId,0,7710
44400012,Land Squirt,chaosMatchingCorrectParamId,0,7700
44400032,Land Squirt,chaosMatchingCorrectParamId,0,7700
44400040,Land Squirt,chaosMatchingCorrectParamId,0,7700
44500012,Walking Mausoleum,chaosMatchingCorrectParamId,0,7740
44500020,Walking Mausoleum,chaosMatchingCorrectParamId,0,7740
44500050,Walking Mausoleum,chaosMatchingCorrectParamId,0,7740
44500052,Walking Mausoleum,chaosMatchingCorrectParamId,0,7740
44500066,Walking Mausoleum,chaosMatchingCorrectParamId,0,7740
44501020,Walking Mausoleum,chaosMatchingCorrectParamId,0,7740
44600032,Flame Chariot,chaosMatchingCorrectParamId,0,7740
44600036,Flame Chariot,chaosMatchingCorrectParamId,0,7740
44600040,Flame Chariot,chaosMatchingCorrectParamId,0,7740
44600840,Flame Chariot,chaosMatchingCorrectParamId,0,7740
44601032,Flame Chariot,chaosMatchingCorrectParamId,0,7740
44601040,Flame Chariot,chaosMatchingCorrectParamId,0,7740
44601840,Flame Chariot,chaosMatchingCorrectParamId,0,7740
44607000,Flame Chariot,chaosMatchingCorrectParamId,0,7740
44607100,Flame Chariot,chaosMatchingCorrectParamId,0,7740
44607200,Flame Chariot,chaosMatchingCorrectParamId,0,7740
44607800,Flame Chariot,chaosMatchingCorrectParamId,0,7740
44608000,Flame Chariot,chaosMatchingCorrectParamId,0,7740
44608600,Flame Chariot,chaosMatchingCorrectParamId,0,7740
44608700,Flame Chariot,chaosMatchingCorrectParamId,0,7740
44608800,Flame Chariot,chaosMatchingCorrectParamId,0,7740
44700034,Abductor Virgin (Leyndell),chaosMatchingCorrectParamId,0,7730
44700938,Abductor Virgin (Boss),chaosMatchingCorrectParamId,0,7730
44701938,Abductor Virgin (Boss),chaosMatchingCorrectParamId,0,7730
44800034,Miranda Blossom (Leyndell),chaosMatchingCorrectParamId,0,7740
44800040,Miranda Blossom,chaosMatchingCorrectParamId,0,7740
44800054,Miranda Blossom,chaosMatchingCorrectParamId,0,7740
44800130,Miranda Blossom (Frenzy),chaosMatchingCorrectParamId,0,7740
44800140,Miranda Blossom (Frenzy),chaosMatchingCorrectParamId,0,7740
44800912,Miranda Blossom,chaosMatchingCorrectParamId,0,7740
44800930,Miranda the Blighted Bloom,chaosMatchingCorrectParamId,0,7740
44810032,Miranda Sprout,chaosMatchingCorrectParamId,0,7710
44810040,Miranda Sprout,chaosMatchingCorrectParamId,0,7710
44810054,Miranda Sprout,chaosMatchingCorrectParamId,0,7710
44810130,Miranda Sprout (Frenzy),chaosMatchingCorrectParamId,0,7710
44810500,Miranda Sprout,chaosMatchingCorrectParamId,0,7710
44810540,Miranda Sprout,chaosMatchingCorrectParamId,0,7710
44810912,Miranda Sprout (Boss),chaosMatchingCorrectParamId,0,7710
44811430,Miranda Sprout (Burrowed),chaosMatchingCorrectParamId,0,7710
44812000,Miranda Blossom CASTLE,hp,1200,314
44900011,Living Jar Warrior,chaosMatchingCorrectParamId,0,7710
44900014,Living Jar Warrior (Stormveil Castle),chaosMatchingCorrectParamId,0,7710
44900021,Living Jar Warrior,chaosMatchingCorrectParamId,0,7710
44900024,Living Jar Warrior,chaosMatchingCorrectParamId,0,7710
44900032,Living Jar Warrior,chaosMatchingCorrectParamId,0,7710
44900033,Living Jar Warrior,chaosMatchingCorrectParamId,0,7710
44900034,Living Jar Warrior (Leyndell),chaosMatchingCorrectParamId,0,7710
44900035,Living Jar Warrior,chaosMatchingCorrectParamId,0,7710
44900038,Living Jar Warrior,chaosMatchingCorrectParamId,0,7710
44900050,Living Jar Warrior,chaosMatchingCorrectParamId,0,7710
44900124,Living Jar Warrior,chaosMatchingCorrectParamId,0,7710
44900320,Living Jar Warrior,chaosMatchingCorrectParamId,0,7710
44907000,Living Jar Warrior,chaosMatchingCorrectParamId,0,7710
44907035,Living Jar Warrior,chaosMatchingCorrectParamId,0,7710
44907038,Living Jar Warrior,chaosMatchingCorrectParamId,0,7710
44907050,Living Jar Warrior,chaosMatchingCorrectParamId,0,7710
44907100,Living Jar Warrior,chaosMatchingCorrectParamId,0,7710
44907150,Living Jar Warrior,chaosMatchingCorrectParamId,0,7710
44907200,Living Jar Warrior,chaosMatchingCorrectParamId,0,7710
44907250,Living Jar Warrior,chaosMatchingCorrectParamId,0,7710
44907300,Living Jar Warrior,chaosMatchingCorrectParamId,0,7710
44907350,Living Jar Warrior,chaosMatchingCorrectParamId,0,7710
44907400,Living Jar Warrior,chaosMatchingCorrectParamId,0,7710
44907450,Living Jar Warrior,chaosMatchingCorrectParamId,0,7710
44908100,Living Jar Warrior,chaosMatchingCorrectParamId,0,7710
44908300,Living Jar Warrior,chaosMatchingCorrectParamId,0,7710
44908400,Living Jar Warrior,chaosMatchingCorrectParamId,0,7710
44909000,Alexander- Warrior Jar,chaosMatchingCorrectParamId,0,7710
44909040,Alexander- Warrior Jar,chaosMatchingCorrectParamId,0,7710
44909040,Alexander- Warrior Jar,hp,3600,314
44909100,Alexander- Warrior Jar,chaosMatchingCorrectParamId,0,7710
44909132,Alexander- Warrior Jar,chaosMatchingCorrectParamId,0,7710
44909200,Alexander- Warrior Jar,chaosMatchingCorrectParamId,0,7710
44909310,Alexander- Warrior Jar,chaosMatchingCorrectParamId,0,7710
44909410,Alexander- Warrior Jar,chaosMatchingCorrectParamId,0,7710
44909540,Alexander- Warrior Jar,chaosMatchingCorrectParamId,0,7710
44909620,Alexander- Warrior Jar,chaosMatchingCorrectParamId,0,7710
44909640,Alexander- Warrior Jar,chaosMatchingCorrectParamId,0,7710
44909732,Alexander- Warrior Jar,chaosMatchingCorrectParamId,0,7710
44909850,Alexander- Warrior Jar,chaosMatchingCorrectParamId,0,7710
44909850,Alexander- Warrior Jar,hp,1728,314
44909972,Alexander- Warrior Jar,chaosMatchingCorrectParamId,0,7710
45000042,Flying Dragon Greyll (Caelid),chaosMatchingCorrectParamId,0,7740
45000072,Flying Dragon,chaosMatchingCorrectParamId,0,7740
45001072,Flying Dragon,chaosMatchingCorrectParamId,0,7740
45008024,Flying Dragon (Rennala),chaosMatchingCorrectParamId,0,7740
45010040,Decaying Ekzykes (Caelid),chaosMatchingCorrectParamId,0,7740
45030050,Borealis the Freezing Fog (Mountaintops),chaosMatchingCorrectParamId,0,7740
45101272,Ancient Dragon,chaosMatchingCorrectParamId,0,7750
45102030,Ancient Dragon Lansseax (Boss),chaosMatchingCorrectParamId,0,7750
45102272,Ancient Dragon,chaosMatchingCorrectParamId,0,7750
45505050,Giant Dog (Snowfield),chaosMatchingCorrectParamId,0,7730
45600042,Giant Crow,chaosMatchingCorrectParamId,0,7740
45701072,Wormface,chaosMatchingCorrectParamId,0,7710
45800030,Wormface (Boss),chaosMatchingCorrectParamId,0,7750
46000020,Troll,chaosMatchingCorrectParamId,0,7740
46000032,Troll,chaosMatchingCorrectParamId,0,7740
46000050,Troll,chaosMatchingCorrectParamId,0,7740
46001032,Troll,chaosMatchingCorrectParamId,0,7740
46001099,Troll,chaosMatchingCorrectParamId,0,7740
46008024,Troll (Rennala),chaosMatchingCorrectParamId,0,7740
46200062,Astel- Stars of Darkness,chaosMatchingCorrectParamId,0,7740
46200952,Astel- Stars of Darkness (Snowfield Mine),chaosMatchingCorrectParamId,0,7740
46209152,Malformed Stars (Snowfield Mine Clone),chaosMatchingCorrectParamId,0,7740
46300042,Runebear,chaosMatchingCorrectParamId,0,7740
46300052,Runebear,chaosMatchingCorrectParamId,0,7740
46300072,Runebear,chaosMatchingCorrectParamId,0,7740
46300700,Runebear,chaosMatchingCorrectParamId,0,7740
46300912,Runebear (Boss),chaosMatchingCorrectParamId,0,7740
46400007,Ulcerated Tree Spirit (Boss),chaosMatchingCorrectParamId,0,7750
46400032,Ulcerated Tree Spirit (Boss),chaosMatchingCorrectParamId,0,7750
46400100,Putrid Tree Spirit,chaosMatchingCorrectParamId,0,7750
46400942,Putrid Tree Spirit (Boss),chaosMatchingCorrectParamId,0,7750
46400950,Ulcerated Tree Spirit (Boss),chaosMatchingCorrectParamId,0,7750
46500262,Dragonkin Soldier (Lake of Rot),chaosMatchingCorrectParamId,0,7750
46500265,Dragonkin Soldier (Nokron),chaosMatchingCorrectParamId,0,7750
46500352,Dragonkin Soldier Phantom (Snowfields),chaosMatchingCorrectParamId,0,7750
46500960,Dragonkin Soldier of Nokstella Healthbar (Boss),chaosMatchingCorrectParamId,0,7750
46600120,Guardian Golem,chaosMatchingCorrectParamId,0,7740
46600150,Guardian Golem,chaosMatchingCorrectParamId,0,7740
46600170,Guardian Golem,chaosMatchingCorrectParamId,0,7740
46600910,Guardian Golem (Limgrave Boss),chaosMatchingCorrectParamId,0,7740
46601034,Guardian Golem (Leyndell),chaosMatchingCorrectParamId,0,7740
46601040,Guardian Golem,chaosMatchingCorrectParamId,0,7740
46601042,Guardian Golem,chaosMatchingCorrectParamId,0,7740
46601120,Guardian Golem,chaosMatchingCorrectParamId,0,7740
46601140,Guardian Golem,chaosMatchingCorrectParamId,0,7740
46800032,Full-Grown Fallingstar Beast (Volcano Top),chaosMatchingCorrectParamId,0,7750
46801930,Fallingstar Beast (Altus Plateau),chaosMatchingCorrectParamId,0,7750
46801940,Fallingstar Beast (Sellia Tunnel),chaosMatchingCorrectParamId,0,7750
47500014,Godrick the Grafted (Stormveil Castle),chaosMatchingCorrectParamId,0,7750
47500030,Godefroy the Grafted (Altus),chaosMatchingCorrectParamId,0,7750
47509000,Godrick the Grafted,chaosMatchingCorrectParamId,0,7750
47700034,Gargoyle (Leyndell - Royal Capital),chaosMatchingCorrectParamId,0,7750
47700165,Valiant Gargoyle (Twinblade) (Nokron),chaosMatchingCorrectParamId,0,7750
47700250,Black Blade Kindred (Forbidden Lands),chaosMatchingCorrectParamId,0,7750
47701165,Valiant Gargoyle (Nokron),chaosMatchingCorrectParamId,0,7750
47701242,Black Blade Kindred (Dragonbarrow - Bestial Sanctum),chaosMatchingCorrectParamId,0,7750
47709910,Gargoyle (Greatsword) -Passive Battle State-,chaosMatchingCorrectParamId,0,7750
48100012,Erdtree Avatar (Weeping Peninsula Boss),chaosMatchingCorrectParamId,0,7740
48100040,Erdtree Avatar,chaosMatchingCorrectParamId,0,7740
48100150,Erdtree Avatar (Giants Mountaintops),chaosMatchingCorrectParamId,0,7740
48100920,Erdtree Avatar (South Liurnia),chaosMatchingCorrectParamId,0,7740
48109990,Erdtree Avatar,chaosMatchingCorrectParamId,0,7740
48109991,Erdtree Avatar,chaosMatchingCorrectParamId,0,7740
48109992,Erdtree Avatar,chaosMatchingCorrectParamId,0,7740
49100026,Magma Wyrm Makar (Boss),chaosMatchingCorrectParamId,0,7740
49100032,Magma Wyrm (Lava Lake Boss),chaosMatchingCorrectParamId,0,7740
49100940,Magma Wyrm (Gael Tunnel Boss),chaosMatchingCorrectParamId,0,7740
49110052,Great Wyrm Theodorix (Boss),chaosMatchingCorrectParamId,0,7750
49500020,Tibia Mariner (Boss),chaosMatchingCorrectParamId,0,7750
49500032,Tibia Mariner (Boss),chaosMatchingCorrectParamId,0,7750
49800012,Death Bird (Weeping Peninsula),chaosMatchingCorrectParamId,0,7750
49800032,Death Bird,chaosMatchingCorrectParamId,0,7750
49800033,Death Bird (Altus),chaosMatchingCorrectParamId,0,7750
49801050,Death Rite Bird,chaosMatchingCorrectParamId,0,7750
49801052,Death Rite Bird,chaosMatchingCorrectParamId,0,7750
50110090,Golden Hippopotamus (Golden Wings),chaosMatchingCorrectParamId,0,7750
58100001,Demi-Human Swordmaster Onze,chaosMatchingCorrectParamId,0,7750
58100083,Demi-Human Swordmaster Onze,chaosMatchingCorrectParamId,0,7750
58100093,Demi-Human Swordmaster Onze,chaosMatchingCorrectParamId,0,7750
58100980,Demi-Human Swordmaster Onze (Boss),chaosMatchingCorrectParamId,0,7750
71000012,Ancient Hero of Zamor (Weeping Peninsula) - Weeping Evergaol [Boss],chaosMatchingCorrectParamId,0,7740
71000050,Ancient Hero of Zamor,chaosMatchingCorrectParamId,0,7740
71000950,Ancient Hero of Zamor (Mountaintops of the Giants) - Giant-Conquering Hero's Grave [Boss],chaosMatchingCorrectParamId,0,7740
137030000,[Revenant] Helen (Page),chaosMatchingCorrectParamId,99000,0
143400000,[Revenant] Frederick (Pumpkin Head),chaosMatchingCorrectParamId,99001,0
149610000,[Revenant] Sebastian (Giant Skeleton Torso),chaosMatchingCorrectParamId,99002,0
